Date and Time,Elec [W],Gas [W],Lights 1 [W],Lights 2 [W],Lights 3 [W],Lights 4 [W],Open Area 1 Luminaire 1 [W],Open Area 1 Luminaire 2 [W],Open Area 1 Luminaire 3 [W],Small Office 1 Luminaire 1 [W],Small Office 1 Luminaire 2 [W],Utility 1 Luminaire 1 [W],Utility 1 Luminaire 2 [W],Lights Total [W]
1/1/2013 0:00,3300.434596,6307.146481,29.1041662,32.7829328,49.1743992,32.7829328,98.34879841,98.34879841,25.14599959,291.041662,75.43799878,49.1743992,37.71899939,819.0610867
1/2/2013 0:00,3300.434596,6307.146481,29.1041662,32.7829328,49.1743992,32.7829328,98.34879841,98.34879841,25.14599959,291.041662,75.43799878,49.1743992,37.71899939,819.0610867
1/3/2013 0:00,3161.396605,5740.055925,29.1041662,32.7829328,49.1743992,32.7829328,98.34879841,98.34879841,25.14599959,291.041662,75.43799878,49.1743992,37.71899939,819.0610867
1/4/2013 0:00,3193.192849,5030.726469,29.1041662,32.7829328,49.1743992,32.7829328,98.34879841,98.34879841,25.14599959,291.041662,75.43799878,49.1743992,37.71899939,819.0610867
1/5/2013 0:00,3167.828068,3286.389384,29.1041662,32.7829328,49.1743992,32.7829328,98.34879841,98.34879841,25.14599959,291.041662,75.43799878,49.1743992,37.71899939,819.0610867
1/6/2013 0:00,2216.125563,4747.895386,29.1041662,32.7829328,49.1743992,32.7829328,98.34879841,98.34879841,25.14599959,291.041662,75.43799878,49.1743992,37.71899939,819.0610867
1/7/2013 0:00,2216.125563,3475.572647,29.1041662,32.7829328,49.1743992,32.7829328,98.34879841,98.34879841,25.14599959,291.041662,75.43799878,49.1743992,37.71899939,819.0610867
1/8/2013 0:00,3171.168035,2109.229321,29.1041662,32.7829328,49.1743992,32.7829328,98.34879841,98.34879841,25.14599959,291.041662,75.43799878,49.1743992,37.71899939,819.0610867
1/9/2013 0:00,3171.623043,1631.264037,29.1041662,32.7829328,49.1743992,32.7829328,98.34879841,98.34879841,25.14599959,291.041662,75.43799878,49.1743992,37.71899939,819.0610867
1/10/2013 0:00,3176.257716,1992.682422,29.1041662,32.7829328,49.1743992,32.7829328,98.34879841,98.34879841,25.14599959,291.041662,75.43799878,49.1743992,37.71899939,819.0610867
1/11/2013 0:00,3125.210122,1893.907418,29.1041662,32.7829328,49.1743992,32.7829328,98.34879841,98.34879841,25.14599959,291.041662,75.43799878,49.1743992,37.71899939,819.0610867
1/12/2013 0:00,3161.533833,4570.928839,29.1041662,32.7829328,49.1743992,32.7829328,98.34879841,98.34879841,25.14599959,291.041662,75.43799878,49.1743992,37.71899939,819.0610867
1/13/2013 0:00,3962.241028,8811.323073,29.1041662,32.7829328,49.1743992,32.7829328,98.34879841,98.34879841,25.14599959,291.041662,75.43799878,49.1743992,37.71899939,819.0610867
1/14/2013 0:00,3803.406103,8797.337319,29.1041662,32.7829328,49.1743992,32.7829328,98.34879841,98.34879841,25.14599959,291.041662,75.43799878,49.1743992,37.71899939,819.0610867
1/15/2013 0:00,4542.478817,8328.231548,29.1041662,32.7829328,49.1743992,32.7829328,98.34879841,98.34879841,25.14599959,291.041662,75.43799878,49.1743992,37.71899939,819.0610867
1/16/2013 0:00,3740.794218,6278.500163,29.1041662,32.7829328,49.1743992,32.7829328,98.34879841,98.34879841,25.14599959,291.041662,75.43799878,49.1743992,37.71899939,819.0610867
1/17/2013 0:00,3171.633071,2620.348743,29.1041662,32.7829328,49.1743992,32.7829328,98.34879841,98.34879841,25.14599959,291.041662,75.43799878,49.1743992,37.71899939,819.0610867
1/18/2013 0:00,3170.776528,2687.092071,29.1041662,32.7829328,49.1743992,32.7829328,98.34879841,98.34879841,25.14599959,291.041662,75.43799878,49.1743992,37.71899939,819.0610867
1/19/2013 0:00,3184.319453,1203.017685,29.1041662,32.7829328,49.1743992,32.7829328,98.34879841,98.34879841,25.14599959,291.041662,75.43799878,49.1743992,37.71899939,819.0610867
1/20/2013 0:00,2230.30097,1192.509837,29.1041662,32.7829328,49.1743992,32.7829328,98.34879841,98.34879841,25.14599959,291.041662,75.43799878,49.1743992,37.71899939,819.0610867
1/21/2013 0:00,2216.125563,3203.421074,29.1041662,32.7829328,49.1743992,32.7829328,98.34879841,98.34879841,25.14599959,291.041662,75.43799878,49.1743992,37.71899939,819.0610867
1/22/2013 0:00,3173.365883,2730.878169,29.1041662,32.7829328,49.1743992,32.7829328,98.34879841,98.34879841,25.14599959,291.041662,75.43799878,49.1743992,37.71899939,819.0610867
1/23/2013 0:00,3213.267235,535.0611599,29.1041662,32.7829328,49.1743992,32.7829328,98.34879841,98.34879841,25.14599959,291.041662,75.43799878,49.1743992,37.71899939,819.0610867
1/24/2013 0:00,3176.612515,540.4335089,29.1041662,32.7829328,49.1743992,32.7829328,98.34879841,98.34879841,25.14599959,291.041662,75.43799878,49.1743992,37.71899939,819.0610867
1/25/2013 0:00,3220.24146,884.0972078,29.1041662,32.7829328,49.1743992,32.7829328,98.34879841,98.34879841,25.14599959,291.041662,75.43799878,49.1743992,37.71899939,819.0610867
1/26/2013 0:00,3176.347813,1190.289993,29.1041662,32.7829328,49.1743992,32.7829328,98.34879841,98.34879841,25.14599959,291.041662,75.43799878,49.1743992,37.71899939,819.0610867
1/27/2013 0:00,2216.150161,2325.34295,29.1041662,32.7829328,49.1743992,32.7829328,98.34879841,98.34879841,25.14599959,291.041662,75.43799878,49.1743992,37.71899939,819.0610867
1/28/2013 0:00,2221.518745,2288.257259,29.1041662,32.7829328,49.1743992,32.7829328,98.34879841,98.34879841,25.14599959,291.041662,75.43799878,49.1743992,37.71899939,819.0610867
1/29/2013 0:00,3168.200015,2918.67458,29.1041662,32.7829328,49.1743992,32.7829328,98.34879841,98.34879841,25.14599959,291.041662,75.43799878,49.1743992,37.71899939,819.0610867
1/30/2013 0:00,3179.084596,6211.067749,29.1041662,32.7829328,49.1743992,32.7829328,98.34879841,98.34879841,25.14599959,291.041662,75.43799878,49.1743992,37.71899939,819.0610867
1/31/2013 0:00,3295.309942,5075.296573,29.1041662,32.7829328,49.1743992,32.7829328,98.34879841,98.34879841,25.14599959,291.041662,75.43799878,49.1743992,37.71899939,819.0610867
2/1/2013 0:00,3165.815494,2705.712968,29.1041662,32.7829328,49.1743992,32.7829328,98.34879841,98.34879841,25.14599959,291.041662,75.43799878,49.1743992,37.71899939,819.0610867
2/2/2013 0:00,3131.016601,2493.98561,29.1041662,32.7829328,49.1743992,32.7829328,98.34879841,98.34879841,25.14599959,291.041662,75.43799878,49.1743992,37.71899939,819.0610867
2/3/2013 0:00,2218.748755,3044.303459,29.1041662,32.7829328,49.1743992,32.7829328,98.34879841,98.34879841,25.14599959,291.041662,75.43799878,49.1743992,37.71899939,819.0610867
2/4/2013 0:00,2216.125563,2777.10064,29.1041662,32.7829328,49.1743992,32.7829328,98.34879841,98.34879841,25.14599959,291.041662,75.43799878,49.1743992,37.71899939,819.0610867
2/5/2013 0:00,3166.978589,1693.075426,29.1041662,32.7829328,49.1743992,32.7829328,98.34879841,98.34879841,25.14599959,291.041662,75.43799878,49.1743992,37.71899939,819.0610867
2/6/2013 0:00,3178.955463,1181.327154,29.1041662,32.7829328,49.1743992,32.7829328,98.34879841,98.34879841,25.14599959,291.041662,75.43799878,49.1743992,37.71899939,819.0610867
2/7/2013 0:00,3167.573265,1923.517525,29.1041662,32.7829328,49.1743992,32.7829328,98.34879841,98.34879841,25.14599959,291.041662,75.43799878,49.1743992,37.71899939,819.0610867
2/8/2013 0:00,3166.07562,3051.846383,29.1041662,32.7829328,49.1743992,32.7829328,98.34879841,98.34879841,25.14599959,291.041662,75.43799878,49.1743992,37.71899939,819.0610867
2/9/2013 0:00,3168.53622,2678.387933,29.1041662,32.7829328,49.1743992,32.7829328,98.34879841,98.34879841,25.14599959,291.041662,75.43799878,49.1743992,37.71899939,819.0610867
2/10/2013 0:00,2216.125563,5364.162999,29.1041662,32.7829328,49.1743992,32.7829328,98.34879841,98.34879841,25.14599959,291.041662,75.43799878,49.1743992,37.71899939,819.0610867
2/11/2013 0:00,2216.125563,6789.567138,29.1041662,32.7829328,49.1743992,32.7829328,98.34879841,98.34879841,25.14599959,291.041662,75.43799878,49.1743992,37.71899939,819.0610867
2/12/2013 0:00,3263.796428,6917.735622,29.1041662,32.7829328,49.1743992,32.7829328,98.34879841,98.34879841,25.14599959,291.041662,75.43799878,49.1743992,37.71899939,819.0610867
2/13/2013 0:00,3161.393638,4471.260283,29.1041662,32.7829328,49.1743992,32.7829328,98.34879841,98.34879841,25.14599959,291.041662,75.43799878,49.1743992,37.71899939,819.0610867
2/14/2013 0:00,3124.404895,3005.682628,29.1041662,32.7829328,49.1743992,32.7829328,98.34879841,98.34879841,25.14599959,291.041662,75.43799878,49.1743992,37.71899939,819.0610867
2/15/2013 0:00,3164.217661,5489.083854,29.1041662,32.7829328,49.1743992,32.7829328,98.34879841,98.34879841,25.14599959,291.041662,75.43799878,49.1743992,37.71899939,819.0610867
2/16/2013 0:00,3334.045409,5332.501767,29.1041662,32.7829328,49.1743992,32.7829328,98.34879841,98.34879841,25.14599959,291.041662,75.43799878,49.1743992,37.71899939,819.0610867
2/17/2013 0:00,2219.521765,2324.461005,29.1041662,32.7829328,49.1743992,32.7829328,98.34879841,98.34879841,25.14599959,291.041662,75.43799878,49.1743992,37.71899939,819.0610867
2/18/2013 0:00,2224.115395,2258.56876,29.1041662,32.7829328,49.1743992,32.7829328,98.34879841,98.34879841,25.14599959,291.041662,75.43799878,49.1743992,37.71899939,819.0610867
2/19/2013 0:00,3161.394698,4065.795602,29.1041662,32.7829328,49.1743992,32.7829328,98.34879841,98.34879841,25.14599959,291.041662,75.43799878,49.1743992,37.71899939,819.0610867
2/20/2013 0:00,3161.400472,4830.111824,29.1041662,32.7829328,49.1743992,32.7829328,98.34879841,98.34879841,25.14599959,291.041662,75.43799878,49.1743992,37.71899939,819.0610867
2/21/2013 0:00,3161.397902,5846.727715,29.1041662,32.7829328,49.1743992,32.7829328,98.34879841,98.34879841,25.14599959,291.041662,75.43799878,49.1743992,37.71899939,819.0610867
2/22/2013 0:00,3321.685735,6927.726285,29.1041662,32.7829328,49.1743992,32.7829328,98.34879841,98.34879841,25.14599959,291.041662,75.43799878,49.1743992,37.71899939,819.0610867
2/23/2013 0:00,3320.981145,6108.031853,29.1041662,32.7829328,49.1743992,32.7829328,98.34879841,98.34879841,25.14599959,291.041662,75.43799878,49.1743992,37.71899939,819.0610867
2/24/2013 0:00,2216.125563,4723.53013,29.1041662,32.7829328,49.1743992,32.7829328,98.34879841,98.34879841,25.14599959,291.041662,75.43799878,49.1743992,37.71899939,819.0610867
2/25/2013 0:00,2216.125563,7125.280518,29.1041662,32.7829328,49.1743992,32.7829328,98.34879841,98.34879841,25.14599959,291.041662,75.43799878,49.1743992,37.71899939,819.0610867
2/26/2013 0:00,3330.153637,5238.100107,29.1041662,32.7829328,49.1743992,32.7829328,98.34879841,98.34879841,25.14599959,291.041662,75.43799878,49.1743992,37.71899939,819.0610867
2/27/2013 0:00,3161.391899,5788.763455,29.1041662,32.7829328,49.1743992,32.7829328,98.34879841,98.34879841,25.14599959,291.041662,75.43799878,49.1743992,37.71899939,819.0610867
2/28/2013 0:00,3183.668729,5117.23577,29.1041662,32.7829328,49.1743992,32.7829328,98.34879841,98.34879841,25.14599959,291.041662,75.43799878,49.1743992,37.71899939,819.0610867
3/1/2013 0:00,3161.393785,3995.078155,29.1041662,32.7829328,49.1743992,32.7829328,98.34879841,98.34879841,25.14599959,291.041662,75.43799878,49.1743992,37.71899939,819.0610867
3/2/2013 0:00,3166.67208,2887.303669,29.1041662,32.7829328,49.1743992,32.7829328,98.34879841,98.34879841,25.14599959,291.041662,75.43799878,49.1743992,37.71899939,819.0610867
3/3/2013 0:00,2221.247433,1445.113612,29.1041662,32.7829328,49.1743992,32.7829328,98.34879841,98.34879841,25.14599959,291.041662,75.43799878,49.1743992,37.71899939,819.0610867
3/4/2013 0:00,2227.506859,1038.427178,29.1041662,32.7829328,49.1743992,32.7829328,98.34879841,98.34879841,25.14599959,291.041662,75.43799878,49.1743992,37.71899939,819.0610867
3/5/2013 0:00,3161.399424,4414.031806,29.1041662,32.7829328,49.1743992,32.7829328,98.34879841,98.34879841,25.14599959,291.041662,75.43799878,49.1743992,37.71899939,819.0610867
3/6/2013 0:00,3229.518631,5045.744553,29.1041662,32.7829328,49.1743992,32.7829328,98.34879841,98.34879841,25.14599959,291.041662,75.43799878,49.1743992,37.71899939,819.0610867
3/7/2013 0:00,3171.680328,2506.704606,29.1041662,32.7829328,49.1743992,32.7829328,98.34879841,98.34879841,25.14599959,291.041662,75.43799878,49.1743992,37.71899939,819.0610867
3/8/2013 0:00,3181.229216,1090.473145,29.1041662,32.7829328,49.1743992,32.7829328,98.34879841,98.34879841,25.14599959,291.041662,75.43799878,49.1743992,37.71899939,819.0610867
3/9/2013 0:00,3163.640776,2574.658766,29.1041662,32.7829328,49.1743992,32.7829328,98.34879841,98.34879841,25.14599959,291.041662,75.43799878,49.1743992,37.71899939,819.0610867
3/10/2013 0:00,2216.125563,5819.575249,29.1041662,32.7829328,49.1743992,32.7829328,98.34879841,98.34879841,25.14599959,291.041662,75.43799878,49.1743992,37.71899939,819.0610867
3/11/2013 0:00,2240.657409,4828.830326,29.1041662,32.7829328,49.1743992,32.7829328,98.34879841,98.34879841,25.14599959,291.041662,75.43799878,49.1743992,37.71899939,819.0610867
3/12/2013 0:00,3171.241291,2486.587179,29.1041662,32.7829328,49.1743992,32.7829328,98.34879841,98.34879841,25.14599959,291.041662,75.43799878,49.1743992,37.71899939,819.0610867
3/13/2013 0:00,3161.391158,4801.756984,29.1041662,32.7829328,49.1743992,32.7829328,98.34879841,98.34879841,25.14599959,291.041662,75.43799878,49.1743992,37.71899939,819.0610867
3/14/2013 0:00,3184.330022,1389.178054,29.1041662,32.7829328,49.1743992,32.7829328,98.34879841,98.34879841,25.14599959,291.041662,75.43799878,49.1743992,37.71899939,819.0610867
3/15/2013 0:00,3316.687916,418.6645118,29.1041662,32.7829328,49.1743992,32.7829328,98.34879841,98.34879841,25.14599959,291.041662,75.43799878,49.1743992,37.71899939,819.0610867
3/16/2013 0:00,3402.137075,84.53170272,29.1041662,32.7829328,49.1743992,32.7829328,98.34879841,98.34879841,25.14599959,291.041662,75.43799878,49.1743992,37.71899939,819.0610867
3/17/2013 0:00,2216.125563,1813.493908,29.1041662,32.7829328,49.1743992,32.7829328,98.34879841,98.34879841,25.14599959,291.041662,75.43799878,49.1743992,37.71899939,819.0610867
3/18/2013 0:00,2219.249329,2278.476288,29.1041662,32.7829328,49.1743992,32.7829328,98.34879841,98.34879841,25.14599959,291.041662,75.43799878,49.1743992,37.71899939,819.0610867
3/19/2013 0:00,3167.467448,2607.220559,29.1041662,32.7829328,49.1743992,32.7829328,98.34879841,98.34879841,25.14599959,291.041662,75.43799878,49.1743992,37.71899939,819.0610867
3/20/2013 0:00,3135.711857,2178.28174,29.1041662,32.7829328,49.1743992,32.7829328,98.34879841,98.34879841,25.14599959,291.041662,75.43799878,49.1743992,37.71899939,819.0610867
3/21/2013 0:00,3168.407197,2797.730293,29.1041662,32.7829328,49.1743992,32.7829328,98.34879841,98.34879841,25.14599959,291.041662,75.43799878,49.1743992,37.71899939,819.0610867
3/22/2013 0:00,3169.766614,1621.648872,29.1041662,32.7829328,49.1743992,32.7829328,98.34879841,98.34879841,25.14599959,291.041662,75.43799878,49.1743992,37.71899939,819.0610867
3/23/2013 0:00,3163.023434,3862.139934,29.1041662,32.7829328,49.1743992,32.7829328,98.34879841,98.34879841,25.14599959,291.041662,75.43799878,49.1743992,37.71899939,819.0610867
3/24/2013 0:00,2511.457506,8419.790018,29.1041662,32.7829328,49.1743992,32.7829328,98.34879841,98.34879841,25.14599959,291.041662,75.43799878,49.1743992,37.71899939,819.0610867
3/25/2013 0:00,2790.789954,7700.163873,29.1041662,32.7829328,49.1743992,32.7829328,98.34879841,98.34879841,25.14599959,291.041662,75.43799878,49.1743992,37.71899939,819.0610867
3/26/2013 0:00,3461.670853,5926.252004,29.1041662,32.7829328,49.1743992,32.7829328,98.34879841,98.34879841,25.14599959,291.041662,75.43799878,49.1743992,37.71899939,819.0610867
3/27/2013 0:00,3166.737776,3504.811025,29.1041662,32.7829328,49.1743992,32.7829328,98.34879841,98.34879841,25.14599959,291.041662,75.43799878,49.1743992,37.71899939,819.0610867
3/28/2013 0:00,3171.194948,2153.623107,29.1041662,32.7829328,49.1743992,32.7829328,98.34879841,98.34879841,25.14599959,291.041662,75.43799878,49.1743992,37.71899939,819.0610867
3/29/2013 0:00,3184.263483,1480.765997,29.1041662,32.7829328,49.1743992,32.7829328,98.34879841,98.34879841,25.14599959,291.041662,75.43799878,49.1743992,37.71899939,819.0610867
3/30/2013 0:00,3152.029348,887.0377649,29.1041662,32.7829328,49.1743992,32.7829328,98.34879841,98.34879841,25.14599959,291.041662,75.43799878,49.1743992,37.71899939,819.0610867
3/31/2013 0:00,2228.821386,1189.851643,29.1041662,32.7829328,49.1743992,32.7829328,98.34879841,98.34879841,25.14599959,291.041662,75.43799878,49.1743992,37.71899939,819.0610867
4/1/2013 0:00,2232.890492,1306.434524,29.1041662,32.7829328,49.1743992,32.7829328,98.34879841,98.34879841,25.14599959,291.041662,75.43799878,49.1743992,37.71899939,819.0610867
4/2/2013 0:00,3165.51375,2068.455928,29.1041662,32.7829328,49.1743992,32.7829328,98.34879841,98.34879841,25.14599959,291.041662,75.43799878,49.1743992,37.71899939,819.0610867
4/3/2013 0:00,3161.388891,3561.814718,29.1041662,32.7829328,49.1743992,32.7829328,98.34879841,98.34879841,25.14599959,291.041662,75.43799878,49.1743992,37.71899939,819.0610867
4/4/2013 0:00,3177.732664,1864.339553,29.1041662,32.7829328,49.1743992,32.7829328,98.34879841,98.34879841,25.14599959,291.041662,75.43799878,49.1743992,37.71899939,819.0610867
4/5/2013 0:00,3275.5956,702.5507563,29.1041662,32.7829328,49.1743992,32.7829328,98.34879841,98.34879841,25.14599959,291.041662,75.43799878,49.1743992,37.71899939,819.0610867
4/6/2013 0:00,3316.289553,167.784685,29.1041662,32.7829328,49.1743992,32.7829328,98.34879841,98.34879841,25.14599959,291.041662,75.43799878,49.1743992,37.71899939,819.0610867
4/7/2013 0:00,2226.773998,693.2826448,29.1041662,32.7829328,49.1743992,32.7829328,98.34879841,98.34879841,25.14599959,291.041662,75.43799878,49.1743992,37.71899939,819.0610867
4/8/2013 0:00,2224.415035,1086.954109,29.1041662,32.7829328,49.1743992,32.7829328,98.34879841,98.34879841,25.14599959,291.041662,75.43799878,49.1743992,37.71899939,819.0610867
4/9/2013 0:00,3176.512365,1878.571256,29.1041662,32.7829328,49.1743992,32.7829328,98.34879841,98.34879841,25.14599959,291.041662,75.43799878,49.1743992,37.71899939,819.0610867
4/10/2013 0:00,3494.562374,7423.277601,29.1041662,32.7829328,49.1743992,32.7829328,98.34879841,98.34879841,25.14599959,291.041662,75.43799878,49.1743992,37.71899939,819.0610867
4/11/2013 0:00,3707.576149,6675.197619,29.1041662,32.7829328,49.1743992,32.7829328,98.34879841,98.34879841,25.14599959,291.041662,75.43799878,49.1743992,37.71899939,819.0610867
4/12/2013 0:00,3169.79059,2861.009117,29.1041662,32.7829328,49.1743992,32.7829328,98.34879841,98.34879841,25.14599959,291.041662,75.43799878,49.1743992,37.71899939,819.0610867
4/13/2013 0:00,3169.956136,2244.810119,29.1041662,32.7829328,49.1743992,32.7829328,98.34879841,98.34879841,25.14599959,291.041662,75.43799878,49.1743992,37.71899939,819.0610867
4/14/2013 0:00,2226.099049,1834.566641,29.1041662,32.7829328,49.1743992,32.7829328,98.34879841,98.34879841,25.14599959,291.041662,75.43799878,49.1743992,37.71899939,819.0610867
4/15/2013 0:00,2216.141556,2648.952807,29.1041662,32.7829328,49.1743992,32.7829328,98.34879841,98.34879841,25.14599959,291.041662,75.43799878,49.1743992,37.71899939,819.0610867
4/16/2013 0:00,3161.426116,5475.116097,29.1041662,32.7829328,49.1743992,32.7829328,98.34879841,98.34879841,25.14599959,291.041662,75.43799878,49.1743992,37.71899939,819.0610867
4/17/2013 0:00,3161.392208,5714.64835,29.1041662,32.7829328,49.1743992,32.7829328,98.34879841,98.34879841,25.14599959,291.041662,75.43799878,49.1743992,37.71899939,819.0610867
4/18/2013 0:00,3196.608138,6195.180712,29.1041662,32.7829328,49.1743992,32.7829328,98.34879841,98.34879841,25.14599959,291.041662,75.43799878,49.1743992,37.71899939,819.0610867
4/19/2013 0:00,3351.226058,5156.521324,29.1041662,32.7829328,49.1743992,32.7829328,98.34879841,98.34879841,25.14599959,291.041662,75.43799878,49.1743992,37.71899939,819.0610867
4/20/2013 0:00,3167.737233,2161.776252,29.1041662,32.7829328,49.1743992,32.7829328,98.34879841,98.34879841,25.14599959,291.041662,75.43799878,49.1743992,37.71899939,819.0610867
4/21/2013 0:00,2218.148233,1979.075932,29.1041662,32.7829328,49.1743992,32.7829328,98.34879841,98.34879841,25.14599959,291.041662,75.43799878,49.1743992,37.71899939,819.0610867
4/22/2013 0:00,2224.442036,1414.558427,29.1041662,32.7829328,49.1743992,32.7829328,98.34879841,98.34879841,25.14599959,291.041662,75.43799878,49.1743992,37.71899939,819.0610867
4/23/2013 0:00,3127.5342,3815.48718,29.1041662,32.7829328,49.1743992,32.7829328,98.34879841,98.34879841,25.14599959,291.041662,75.43799878,49.1743992,37.71899939,819.0610867
4/24/2013 0:00,3190.299012,5924.888893,29.1041662,32.7829328,49.1743992,32.7829328,98.34879841,98.34879841,25.14599959,291.041662,75.43799878,49.1743992,37.71899939,819.0610867
4/25/2013 0:00,3170.265533,2819.34221,29.1041662,32.7829328,49.1743992,32.7829328,98.34879841,98.34879841,25.14599959,291.041662,75.43799878,49.1743992,37.71899939,819.0610867
4/26/2013 0:00,3201.890171,1376.006607,29.1041662,32.7829328,49.1743992,32.7829328,98.34879841,98.34879841,25.14599959,291.041662,75.43799878,49.1743992,37.71899939,819.0610867
4/27/2013 0:00,3252.549841,620.8746341,29.1041662,32.7829328,49.1743992,32.7829328,98.34879841,98.34879841,25.14599959,291.041662,75.43799878,49.1743992,37.71899939,819.0610867
4/28/2013 0:00,2285.28368,397.3588472,29.1041662,32.7829328,49.1743992,32.7829328,98.34879841,98.34879841,25.14599959,291.041662,75.43799878,49.1743992,37.71899939,819.0610867
4/29/2013 0:00,2406.656087,55.49623912,29.1041662,32.7829328,49.1743992,32.7829328,98.34879841,98.34879841,25.14599959,291.041662,75.43799878,49.1743992,37.71899939,819.0610867
4/30/2013 0:00,3532.124527,108.9762839,29.1041662,32.7829328,49.1743992,32.7829328,98.34879841,98.34879841,25.14599959,291.041662,75.43799878,49.1743992,37.71899939,819.0610867
5/1/2013 0:00,3180.484714,680.6396677,29.1041662,32.7829328,49.1743992,32.7829328,98.34879841,98.34879841,25.14599959,291.041662,75.43799878,49.1743992,37.71899939,819.0610867
5/2/2013 0:00,3161.389837,4964.780209,29.1041662,32.7829328,49.1743992,32.7829328,98.34879841,98.34879841,25.14599959,291.041662,75.43799878,49.1743992,37.71899939,819.0610867
5/3/2013 0:00,3133.271788,4078.297115,29.1041662,32.7829328,49.1743992,32.7829328,98.34879841,98.34879841,25.14599959,291.041662,75.43799878,49.1743992,37.71899939,819.0610867
5/4/2013 0:00,3178.638331,1581.724028,29.1041662,32.7829328,49.1743992,32.7829328,98.34879841,98.34879841,25.14599959,291.041662,75.43799878,49.1743992,37.71899939,819.0610867
5/5/2013 0:00,2220.568123,1445.311951,29.1041662,32.7829328,49.1743992,32.7829328,98.34879841,98.34879841,25.14599959,291.041662,75.43799878,49.1743992,37.71899939,819.0610867
5/6/2013 0:00,2221.464391,1927.767318,29.1041662,32.7829328,49.1743992,32.7829328,98.34879841,98.34879841,25.14599959,291.041662,75.43799878,49.1743992,37.71899939,819.0610867
5/7/2013 0:00,3205.780232,858.687326,29.1041662,32.7829328,49.1743992,32.7829328,98.34879841,98.34879841,25.14599959,291.041662,75.43799878,49.1743992,37.71899939,819.0610867
5/8/2013 0:00,3275.305629,490.82726,29.1041662,32.7829328,49.1743992,32.7829328,98.34879841,98.34879841,25.14599959,291.041662,75.43799878,49.1743992,37.71899939,819.0610867
5/9/2013 0:00,3173.908544,983.0602269,29.1041662,32.7829328,49.1743992,32.7829328,98.34879841,98.34879841,25.14599959,291.041662,75.43799878,49.1743992,37.71899939,819.0610867
5/10/2013 0:00,3172.180748,1160.130406,29.1041662,32.7829328,49.1743992,32.7829328,98.34879841,98.34879841,25.14599959,291.041662,75.43799878,49.1743992,37.71899939,819.0610867
5/11/2013 0:00,3206.730301,894.3399497,29.1041662,32.7829328,49.1743992,32.7829328,98.34879841,98.34879841,25.14599959,291.041662,75.43799878,49.1743992,37.71899939,819.0610867
5/12/2013 0:00,2230.165631,471.593345,29.1041662,32.7829328,49.1743992,32.7829328,98.34879841,98.34879841,25.14599959,291.041662,75.43799878,49.1743992,37.71899939,819.0610867
5/13/2013 0:00,2369.675743,90.36825219,29.1041662,32.7829328,49.1743992,32.7829328,98.34879841,98.34879841,25.14599959,291.041662,75.43799878,49.1743992,37.71899939,819.0610867
5/14/2013 0:00,3792.863676,5.080778195,29.1041662,32.7829328,49.1743992,32.7829328,98.34879841,98.34879841,25.14599959,291.041662,75.43799878,49.1743992,37.71899939,819.0610867
5/15/2013 0:00,3659.477578,17.49665343,29.1041662,32.7829328,49.1743992,32.7829328,98.34879841,98.34879841,25.14599959,291.041662,75.43799878,49.1743992,37.71899939,819.0610867
5/16/2013 0:00,3506.634842,76.5517265,29.1041662,32.7829328,49.1743992,32.7829328,98.34879841,98.34879841,25.14599959,291.041662,75.43799878,49.1743992,37.71899939,819.0610867
5/17/2013 0:00,3546.462769,52.23394344,29.1041662,32.7829328,49.1743992,32.7829328,98.34879841,98.34879841,25.14599959,291.041662,75.43799878,49.1743992,37.71899939,819.0610867
5/18/2013 0:00,3779.499958,27.5710187,29.1041662,32.7829328,49.1743992,32.7829328,98.34879841,98.34879841,25.14599959,291.041662,75.43799878,49.1743992,37.71899939,819.0610867
5/19/2013 0:00,2349.557391,79.13438399,29.1041662,32.7829328,49.1743992,32.7829328,98.34879841,98.34879841,25.14599959,291.041662,75.43799878,49.1743992,37.71899939,819.0610867
5/20/2013 0:00,2243.249547,156.0351711,29.1041662,32.7829328,49.1743992,32.7829328,98.34879841,98.34879841,25.14599959,291.041662,75.43799878,49.1743992,37.71899939,819.0610867
5/21/2013 0:00,3189.461038,508.3980419,29.1041662,32.7829328,49.1743992,32.7829328,98.34879841,98.34879841,25.14599959,291.041662,75.43799878,49.1743992,37.71899939,819.0610867
5/22/2013 0:00,3304.995128,602.3808898,29.1041662,32.7829328,49.1743992,32.7829328,98.34879841,98.34879841,25.14599959,291.041662,75.43799878,49.1743992,37.71899939,819.0610867
5/23/2013 0:00,3411.751427,396.2869355,29.1041662,32.7829328,49.1743992,32.7829328,98.34879841,98.34879841,25.14599959,291.041662,75.43799878,49.1743992,37.71899939,819.0610867
5/24/2013 0:00,3324.104706,326.6157772,29.1041662,32.7829328,49.1743992,32.7829328,98.34879841,98.34879841,25.14599959,291.041662,75.43799878,49.1743992,37.71899939,819.0610867
5/25/2013 0:00,3550.1277,189.4945481,29.1041662,32.7829328,49.1743992,32.7829328,98.34879841,98.34879841,25.14599959,291.041662,75.43799878,49.1743992,37.71899939,819.0610867
5/26/2013 0:00,2600.954125,41.50488936,29.1041662,32.7829328,49.1743992,32.7829328,98.34879841,98.34879841,25.14599959,291.041662,75.43799878,49.1743992,37.71899939,819.0610867
5/27/2013 0:00,2523.071341,38.12582566,29.1041662,32.7829328,49.1743992,32.7829328,98.34879841,98.34879841,25.14599959,291.041662,75.43799878,49.1743992,37.71899939,819.0610867
5/28/2013 0:00,3663.899466,44.0310926,29.1041662,32.7829328,49.1743992,32.7829328,98.34879841,98.34879841,25.14599959,291.041662,75.43799878,49.1743992,37.71899939,819.0610867
5/29/2013 0:00,3519.834108,54.93128166,29.1041662,32.7829328,49.1743992,32.7829328,98.34879841,98.34879841,25.14599959,291.041662,75.43799878,49.1743992,37.71899939,819.0610867
5/30/2013 0:00,3219.420931,131.923978,29.1041662,32.7829328,49.1743992,32.7829328,98.34879841,98.34879841,25.14599959,291.041662,75.43799878,49.1743992,37.71899939,819.0610867
5/31/2013 0:00,3288.403491,264.8397635,29.1041662,32.7829328,49.1743992,32.7829328,98.34879841,98.34879841,25.14599959,291.041662,75.43799878,49.1743992,37.71899939,819.0610867
6/1/2013 0:00,3332.888579,179.6063677,29.1041662,32.7829328,49.1743992,32.7829328,98.34879841,98.34879841,25.14599959,291.041662,75.43799878,49.1743992,37.71899939,819.0610867
6/2/2013 0:00,2236.161024,311.4165896,29.1041662,32.7829328,49.1743992,32.7829328,98.34879841,98.34879841,25.14599959,291.041662,75.43799878,49.1743992,37.71899939,819.0610867
6/3/2013 0:00,2396.305525,334.9465136,29.1041662,32.7829328,49.1743992,32.7829328,98.34879841,98.34879841,25.14599959,291.041662,75.43799878,49.1743992,37.71899939,819.0610867
6/4/2013 0:00,3911.166351,32.6994031,29.1041662,32.7829328,49.1743992,32.7829328,98.34879841,98.34879841,25.14599959,291.041662,75.43799878,49.1743992,37.71899939,819.0610867
6/5/2013 0:00,3363.236274,132.2658823,29.1041662,32.7829328,49.1743992,32.7829328,98.34879841,98.34879841,25.14599959,291.041662,75.43799878,49.1743992,37.71899939,819.0610867
6/6/2013 0:00,3136.528855,655.7389605,29.1041662,32.7829328,49.1743992,32.7829328,98.34879841,98.34879841,25.14599959,291.041662,75.43799878,49.1743992,37.71899939,819.0610867
6/7/2013 0:00,3437.150237,499.2568118,29.1041662,32.7829328,49.1743992,32.7829328,98.34879841,98.34879841,25.14599959,291.041662,75.43799878,49.1743992,37.71899939,819.0610867
6/8/2013 0:00,3544.252754,56.11847249,29.1041662,32.7829328,49.1743992,32.7829328,98.34879841,98.34879841,25.14599959,291.041662,75.43799878,49.1743992,37.71899939,819.0610867
6/9/2013 0:00,2385.45569,40.88512561,29.1041662,32.7829328,49.1743992,32.7829328,98.34879841,98.34879841,25.14599959,291.041662,75.43799878,49.1743992,37.71899939,819.0610867
6/10/2013 0:00,2702.159955,37.27342865,29.1041662,32.7829328,49.1743992,32.7829328,98.34879841,98.34879841,25.14599959,291.041662,75.43799878,49.1743992,37.71899939,819.0610867
6/11/2013 0:00,4320.543949,0,29.1041662,32.7829328,49.1743992,32.7829328,98.34879841,98.34879841,25.14599959,291.041662,75.43799878,49.1743992,37.71899939,819.0610867
6/12/2013 0:00,4390.17299,0,29.1041662,32.7829328,49.1743992,32.7829328,98.34879841,98.34879841,25.14599959,291.041662,75.43799878,49.1743992,37.71899939,819.0610867
6/13/2013 0:00,4023.078882,2.293495347,29.1041662,32.7829328,49.1743992,32.7829328,98.34879841,98.34879841,25.14599959,291.041662,75.43799878,49.1743992,37.71899939,819.0610867
6/14/2013 0:00,3783.195424,40.19723959,29.1041662,32.7829328,49.1743992,32.7829328,98.34879841,98.34879841,25.14599959,291.041662,75.43799878,49.1743992,37.71899939,819.0610867
6/15/2013 0:00,3947.623098,4.24408695,29.1041662,32.7829328,49.1743992,32.7829328,98.34879841,98.34879841,25.14599959,291.041662,75.43799878,49.1743992,37.71899939,819.0610867
6/16/2013 0:00,2484.58725,48.5525826,29.1041662,32.7829328,49.1743992,32.7829328,98.34879841,98.34879841,25.14599959,291.041662,75.43799878,49.1743992,37.71899939,819.0610867
6/17/2013 0:00,2466.204933,48.49973238,29.1041662,32.7829328,49.1743992,32.7829328,98.34879841,98.34879841,25.14599959,291.041662,75.43799878,49.1743992,37.71899939,819.0610867
6/18/2013 0:00,3561.384938,36.01569057,29.1041662,32.7829328,49.1743992,32.7829328,98.34879841,98.34879841,25.14599959,291.041662,75.43799878,49.1743992,37.71899939,819.0610867
6/19/2013 0:00,3621.969404,62.11599767,29.1041662,32.7829328,49.1743992,32.7829328,98.34879841,98.34879841,25.14599959,291.041662,75.43799878,49.1743992,37.71899939,819.0610867
6/20/2013 0:00,3959.089109,37.8549963,29.1041662,32.7829328,49.1743992,32.7829328,98.34879841,98.34879841,25.14599959,291.041662,75.43799878,49.1743992,37.71899939,819.0610867
6/21/2013 0:00,3887.799264,24.67476183,29.1041662,32.7829328,49.1743992,32.7829328,98.34879841,98.34879841,25.14599959,291.041662,75.43799878,49.1743992,37.71899939,819.0610867
6/22/2013 0:00,3952.91265,24.42714422,29.1041662,32.7829328,49.1743992,32.7829328,98.34879841,98.34879841,25.14599959,291.041662,75.43799878,49.1743992,37.71899939,819.0610867
6/23/2013 0:00,2527.605705,49.41904926,29.1041662,32.7829328,49.1743992,32.7829328,98.34879841,98.34879841,25.14599959,291.041662,75.43799878,49.1743992,37.71899939,819.0610867
6/24/2013 0:00,2485.938323,59.55780324,29.1041662,32.7829328,49.1743992,32.7829328,98.34879841,98.34879841,25.14599959,291.041662,75.43799878,49.1743992,37.71899939,819.0610867
6/25/2013 0:00,3823.97663,31.00135245,29.1041662,32.7829328,49.1743992,32.7829328,98.34879841,98.34879841,25.14599959,291.041662,75.43799878,49.1743992,37.71899939,819.0610867
6/26/2013 0:00,3973.293833,18.94472377,29.1041662,32.7829328,49.1743992,32.7829328,98.34879841,98.34879841,25.14599959,291.041662,75.43799878,49.1743992,37.71899939,819.0610867
6/27/2013 0:00,4241.376481,0,29.1041662,32.7829328,49.1743992,32.7829328,98.34879841,98.34879841,25.14599959,291.041662,75.43799878,49.1743992,37.71899939,819.0610867
6/28/2013 0:00,4428.411153,0,29.1041662,32.7829328,49.1743992,32.7829328,98.34879841,98.34879841,25.14599959,291.041662,75.43799878,49.1743992,37.71899939,819.0610867
6/29/2013 0:00,4085.972534,0,29.1041662,32.7829328,49.1743992,32.7829328,98.34879841,98.34879841,25.14599959,291.041662,75.43799878,49.1743992,37.71899939,819.0610867
6/30/2013 0:00,2593.384254,22.49012545,29.1041662,32.7829328,49.1743992,32.7829328,98.34879841,98.34879841,25.14599959,291.041662,75.43799878,49.1743992,37.71899939,819.0610867
7/1/2013 0:00,2403.933823,57.52902314,29.1041662,32.7829328,49.1743992,32.7829328,98.34879841,98.34879841,25.14599959,291.041662,75.43799878,49.1743992,37.71899939,819.0610867
7/2/2013 0:00,3689.162323,46.32109845,29.1041662,32.7829328,49.1743992,32.7829328,98.34879841,98.34879841,25.14599959,291.041662,75.43799878,49.1743992,37.71899939,819.0610867
7/3/2013 0:00,3699.993391,25.71507721,29.1041662,32.7829328,49.1743992,32.7829328,98.34879841,98.34879841,25.14599959,291.041662,75.43799878,49.1743992,37.71899939,819.0610867
7/4/2013 0:00,3836.866972,29.24308428,29.1041662,32.7829328,49.1743992,32.7829328,98.34879841,98.34879841,25.14599959,291.041662,75.43799878,49.1743992,37.71899939,819.0610867
7/5/2013 0:00,3949.873283,0,29.1041662,32.7829328,49.1743992,32.7829328,98.34879841,98.34879841,25.14599959,291.041662,75.43799878,49.1743992,37.71899939,819.0610867
7/6/2013 0:00,3889.845298,4.791484907,29.1041662,32.7829328,49.1743992,32.7829328,98.34879841,98.34879841,25.14599959,291.041662,75.43799878,49.1743992,37.71899939,819.0610867
7/7/2013 0:00,2777.546147,0,29.1041662,32.7829328,49.1743992,32.7829328,98.34879841,98.34879841,25.14599959,291.041662,75.43799878,49.1743992,37.71899939,819.0610867
7/8/2013 0:00,2733.787045,0,29.1041662,32.7829328,49.1743992,32.7829328,98.34879841,98.34879841,25.14599959,291.041662,75.43799878,49.1743992,37.71899939,819.0610867
7/9/2013 0:00,4164.27045,1.657312507,29.1041662,32.7829328,49.1743992,32.7829328,98.34879841,98.34879841,25.14599959,291.041662,75.43799878,49.1743992,37.71899939,819.0610867
7/10/2013 0:00,4240.918046,0,29.1041662,32.7829328,49.1743992,32.7829328,98.34879841,98.34879841,25.14599959,291.041662,75.43799878,49.1743992,37.71899939,819.0610867
7/11/2013 0:00,3945.569043,13.54942758,29.1041662,32.7829328,49.1743992,32.7829328,98.34879841,98.34879841,25.14599959,291.041662,75.43799878,49.1743992,37.71899939,819.0610867
7/12/2013 0:00,4177.375727,16.16771624,29.1041662,32.7829328,49.1743992,32.7829328,98.34879841,98.34879841,25.14599959,291.041662,75.43799878,49.1743992,37.71899939,819.0610867
7/13/2013 0:00,4021.971335,2.435992679,29.1041662,32.7829328,49.1743992,32.7829328,98.34879841,98.34879841,25.14599959,291.041662,75.43799878,49.1743992,37.71899939,819.0610867
7/14/2013 0:00,2603.179634,52.22626494,29.1041662,32.7829328,49.1743992,32.7829328,98.34879841,98.34879841,25.14599959,291.041662,75.43799878,49.1743992,37.71899939,819.0610867
7/15/2013 0:00,2518.002905,25.90739608,29.1041662,32.7829328,49.1743992,32.7829328,98.34879841,98.34879841,25.14599959,291.041662,75.43799878,49.1743992,37.71899939,819.0610867
7/16/2013 0:00,3626.545621,49.24220437,29.1041662,32.7829328,49.1743992,32.7829328,98.34879841,98.34879841,25.14599959,291.041662,75.43799878,49.1743992,37.71899939,819.0610867
7/17/2013 0:00,3722.130062,33.39815409,29.1041662,32.7829328,49.1743992,32.7829328,98.34879841,98.34879841,25.14599959,291.041662,75.43799878,49.1743992,37.71899939,819.0610867
7/18/2013 0:00,3934.979199,30.12036498,29.1041662,32.7829328,49.1743992,32.7829328,98.34879841,98.34879841,25.14599959,291.041662,75.43799878,49.1743992,37.71899939,819.0610867
7/19/2013 0:00,4033.497776,2.904038586,29.1041662,32.7829328,49.1743992,32.7829328,98.34879841,98.34879841,25.14599959,291.041662,75.43799878,49.1743992,37.71899939,819.0610867
7/20/2013 0:00,3886.373703,21.2081457,29.1041662,32.7829328,49.1743992,32.7829328,98.34879841,98.34879841,25.14599959,291.041662,75.43799878,49.1743992,37.71899939,819.0610867
7/21/2013 0:00,2716.94648,24.63648461,29.1041662,32.7829328,49.1743992,32.7829328,98.34879841,98.34879841,25.14599959,291.041662,75.43799878,49.1743992,37.71899939,819.0610867
7/22/2013 0:00,2842.462493,17.39490915,29.1041662,32.7829328,49.1743992,32.7829328,98.34879841,98.34879841,25.14599959,291.041662,75.43799878,49.1743992,37.71899939,819.0610867
7/23/2013 0:00,4243.80041,0,29.1041662,32.7829328,49.1743992,32.7829328,98.34879841,98.34879841,25.14599959,291.041662,75.43799878,49.1743992,37.71899939,819.0610867
7/24/2013 0:00,4148.164792,0,29.1041662,32.7829328,49.1743992,32.7829328,98.34879841,98.34879841,25.14599959,291.041662,75.43799878,49.1743992,37.71899939,819.0610867
7/25/2013 0:00,3840.11165,22.19246012,29.1041662,32.7829328,49.1743992,32.7829328,98.34879841,98.34879841,25.14599959,291.041662,75.43799878,49.1743992,37.71899939,819.0610867
7/26/2013 0:00,3503.393077,51.84731629,29.1041662,32.7829328,49.1743992,32.7829328,98.34879841,98.34879841,25.14599959,291.041662,75.43799878,49.1743992,37.71899939,819.0610867
7/27/2013 0:00,3754.082776,39.48424087,29.1041662,32.7829328,49.1743992,32.7829328,98.34879841,98.34879841,25.14599959,291.041662,75.43799878,49.1743992,37.71899939,819.0610867
7/28/2013 0:00,2465.063425,53.63198472,29.1041662,32.7829328,49.1743992,32.7829328,98.34879841,98.34879841,25.14599959,291.041662,75.43799878,49.1743992,37.71899939,819.0610867
7/29/2013 0:00,2235.375803,63.26651534,29.1041662,32.7829328,49.1743992,32.7829328,98.34879841,98.34879841,25.14599959,291.041662,75.43799878,49.1743992,37.71899939,819.0610867
7/30/2013 0:00,3419.03492,60.14134165,29.1041662,32.7829328,49.1743992,32.7829328,98.34879841,98.34879841,25.14599959,291.041662,75.43799878,49.1743992,37.71899939,819.0610867
7/31/2013 0:00,3762.373765,22.76613252,29.1041662,32.7829328,49.1743992,32.7829328,98.34879841,98.34879841,25.14599959,291.041662,75.43799878,49.1743992,37.71899939,819.0610867
8/1/2013 0:00,3904.898147,35.34097191,29.1041662,32.7829328,49.1743992,32.7829328,98.34879841,98.34879841,25.14599959,291.041662,75.43799878,49.1743992,37.71899939,819.0610867
8/2/2013 0:00,3846.976658,19.17816508,29.1041662,32.7829328,49.1743992,32.7829328,98.34879841,98.34879841,25.14599959,291.041662,75.43799878,49.1743992,37.71899939,819.0610867
8/3/2013 0:00,4025.944948,16.95338864,29.1041662,32.7829328,49.1743992,32.7829328,98.34879841,98.34879841,25.14599959,291.041662,75.43799878,49.1743992,37.71899939,819.0610867
8/4/2013 0:00,2649.331777,36.80370799,29.1041662,32.7829328,49.1743992,32.7829328,98.34879841,98.34879841,25.14599959,291.041662,75.43799878,49.1743992,37.71899939,819.0610867
8/5/2013 0:00,2638.05038,1.000787483,29.1041662,32.7829328,49.1743992,32.7829328,98.34879841,98.34879841,25.14599959,291.041662,75.43799878,49.1743992,37.71899939,819.0610867
8/6/2013 0:00,3859.983842,2.502536878,29.1041662,32.7829328,49.1743992,32.7829328,98.34879841,98.34879841,25.14599959,291.041662,75.43799878,49.1743992,37.71899939,819.0610867
8/7/2013 0:00,3789.541703,0,29.1041662,32.7829328,49.1743992,32.7829328,98.34879841,98.34879841,25.14599959,291.041662,75.43799878,49.1743992,37.71899939,819.0610867
8/8/2013 0:00,3459.576699,59.08243744,29.1041662,32.7829328,49.1743992,32.7829328,98.34879841,98.34879841,25.14599959,291.041662,75.43799878,49.1743992,37.71899939,819.0610867
8/9/2013 0:00,3474.334701,62.57262906,29.1041662,32.7829328,49.1743992,32.7829328,98.34879841,98.34879841,25.14599959,291.041662,75.43799878,49.1743992,37.71899939,819.0610867
8/10/2013 0:00,3493.386659,57.47045245,29.1041662,32.7829328,49.1743992,32.7829328,98.34879841,98.34879841,25.14599959,291.041662,75.43799878,49.1743992,37.71899939,819.0610867
8/11/2013 0:00,2528.369804,41.88795148,29.1041662,32.7829328,49.1743992,32.7829328,98.34879841,98.34879841,25.14599959,291.041662,75.43799878,49.1743992,37.71899939,819.0610867
8/12/2013 0:00,2515.840712,40.85906697,29.1041662,32.7829328,49.1743992,32.7829328,98.34879841,98.34879841,25.14599959,291.041662,75.43799878,49.1743992,37.71899939,819.0610867
8/13/2013 0:00,3624.954995,58.95774526,29.1041662,32.7829328,49.1743992,32.7829328,98.34879841,98.34879841,25.14599959,291.041662,75.43799878,49.1743992,37.71899939,819.0610867
8/14/2013 0:00,3493.954101,36.76576087,29.1041662,32.7829328,49.1743992,32.7829328,98.34879841,98.34879841,25.14599959,291.041662,75.43799878,49.1743992,37.71899939,819.0610867
8/15/2013 0:00,3619.05027,53.63873777,29.1041662,32.7829328,49.1743992,32.7829328,98.34879841,98.34879841,25.14599959,291.041662,75.43799878,49.1743992,37.71899939,819.0610867
8/16/2013 0:00,3745.795569,19.23735265,29.1041662,32.7829328,49.1743992,32.7829328,98.34879841,98.34879841,25.14599959,291.041662,75.43799878,49.1743992,37.71899939,819.0610867
8/17/2013 0:00,3958.167954,12.26120008,29.1041662,32.7829328,49.1743992,32.7829328,98.34879841,98.34879841,25.14599959,291.041662,75.43799878,49.1743992,37.71899939,819.0610867
8/18/2013 0:00,2924.38279,3.164494687,29.1041662,32.7829328,49.1743992,32.7829328,98.34879841,98.34879841,25.14599959,291.041662,75.43799878,49.1743992,37.71899939,819.0610867
8/19/2013 0:00,2865.634341,10.48225463,29.1041662,32.7829328,49.1743992,32.7829328,98.34879841,98.34879841,25.14599959,291.041662,75.43799878,49.1743992,37.71899939,819.0610867
8/20/2013 0:00,4182.700989,0,29.1041662,32.7829328,49.1743992,32.7829328,98.34879841,98.34879841,25.14599959,291.041662,75.43799878,49.1743992,37.71899939,819.0610867
8/21/2013 0:00,4355.52707,0,29.1041662,32.7829328,49.1743992,32.7829328,98.34879841,98.34879841,25.14599959,291.041662,75.43799878,49.1743992,37.71899939,819.0610867
8/22/2013 0:00,4044.938979,0,29.1041662,32.7829328,49.1743992,32.7829328,98.34879841,98.34879841,25.14599959,291.041662,75.43799878,49.1743992,37.71899939,819.0610867
8/23/2013 0:00,3674.015414,39.12554052,29.1041662,32.7829328,49.1743992,32.7829328,98.34879841,98.34879841,25.14599959,291.041662,75.43799878,49.1743992,37.71899939,819.0610867
8/24/2013 0:00,3721.515098,20.69726623,29.1041662,32.7829328,49.1743992,32.7829328,98.34879841,98.34879841,25.14599959,291.041662,75.43799878,49.1743992,37.71899939,819.0610867
8/25/2013 0:00,2607.521007,25.89347848,29.1041662,32.7829328,49.1743992,32.7829328,98.34879841,98.34879841,25.14599959,291.041662,75.43799878,49.1743992,37.71899939,819.0610867
8/26/2013 0:00,2700.295355,8.40852162,29.1041662,32.7829328,49.1743992,32.7829328,98.34879841,98.34879841,25.14599959,291.041662,75.43799878,49.1743992,37.71899939,819.0610867
8/27/2013 0:00,4004.385282,14.81934471,29.1041662,32.7829328,49.1743992,32.7829328,98.34879841,98.34879841,25.14599959,291.041662,75.43799878,49.1743992,37.71899939,819.0610867
8/28/2013 0:00,4097.495875,7.659833567,29.1041662,32.7829328,49.1743992,32.7829328,98.34879841,98.34879841,25.14599959,291.041662,75.43799878,49.1743992,37.71899939,819.0610867
8/29/2013 0:00,4146.610462,0,29.1041662,32.7829328,49.1743992,32.7829328,98.34879841,98.34879841,25.14599959,291.041662,75.43799878,49.1743992,37.71899939,819.0610867
8/30/2013 0:00,4129.51536,0,29.1041662,32.7829328,49.1743992,32.7829328,98.34879841,98.34879841,25.14599959,291.041662,75.43799878,49.1743992,37.71899939,819.0610867
8/31/2013 0:00,3959.284633,0,29.1041662,32.7829328,49.1743992,32.7829328,98.34879841,98.34879841,25.14599959,291.041662,75.43799878,49.1743992,37.71899939,819.0610867
9/1/2013 0:00,2755.293924,0,29.1041662,32.7829328,49.1743992,32.7829328,98.34879841,98.34879841,25.14599959,291.041662,75.43799878,49.1743992,37.71899939,819.0610867
9/2/2013 0:00,2423.928549,40.24089665,29.1041662,32.7829328,49.1743992,32.7829328,98.34879841,98.34879841,25.14599959,291.041662,75.43799878,49.1743992,37.71899939,819.0610867
9/3/2013 0:00,3967.05039,23.73748686,29.1041662,32.7829328,49.1743992,32.7829328,98.34879841,98.34879841,25.14599959,291.041662,75.43799878,49.1743992,37.71899939,819.0610867
9/4/2013 0:00,4155.189039,0,29.1041662,32.7829328,49.1743992,32.7829328,98.34879841,98.34879841,25.14599959,291.041662,75.43799878,49.1743992,37.71899939,819.0610867
9/5/2013 0:00,4064.206694,0,29.1041662,32.7829328,49.1743992,32.7829328,98.34879841,98.34879841,25.14599959,291.041662,75.43799878,49.1743992,37.71899939,819.0610867
9/6/2013 0:00,4047.599692,10.26206122,29.1041662,32.7829328,49.1743992,32.7829328,98.34879841,98.34879841,25.14599959,291.041662,75.43799878,49.1743992,37.71899939,819.0610867
9/7/2013 0:00,4233.81032,0,29.1041662,32.7829328,49.1743992,32.7829328,98.34879841,98.34879841,25.14599959,291.041662,75.43799878,49.1743992,37.71899939,819.0610867
9/8/2013 0:00,2948.594072,0,29.1041662,32.7829328,49.1743992,32.7829328,98.34879841,98.34879841,25.14599959,291.041662,75.43799878,49.1743992,37.71899939,819.0610867
9/9/2013 0:00,2781.657276,4.009492008,29.1041662,32.7829328,49.1743992,32.7829328,98.34879841,98.34879841,25.14599959,291.041662,75.43799878,49.1743992,37.71899939,819.0610867
9/10/2013 0:00,3629.23482,70.82296418,29.1041662,32.7829328,49.1743992,32.7829328,98.34879841,98.34879841,25.14599959,291.041662,75.43799878,49.1743992,37.71899939,819.0610867
9/11/2013 0:00,3239.793117,97.78141988,29.1041662,32.7829328,49.1743992,32.7829328,98.34879841,98.34879841,25.14599959,291.041662,75.43799878,49.1743992,37.71899939,819.0610867
9/12/2013 0:00,3255.618629,85.98549734,29.1041662,32.7829328,49.1743992,32.7829328,98.34879841,98.34879841,25.14599959,291.041662,75.43799878,49.1743992,37.71899939,819.0610867
9/13/2013 0:00,3214.514496,101.1485445,29.1041662,32.7829328,49.1743992,32.7829328,98.34879841,98.34879841,25.14599959,291.041662,75.43799878,49.1743992,37.71899939,819.0610867
9/14/2013 0:00,3422.410414,94.01915651,29.1041662,32.7829328,49.1743992,32.7829328,98.34879841,98.34879841,25.14599959,291.041662,75.43799878,49.1743992,37.71899939,819.0610867
9/15/2013 0:00,2295.207561,94.39133202,29.1041662,32.7829328,49.1743992,32.7829328,98.34879841,98.34879841,25.14599959,291.041662,75.43799878,49.1743992,37.71899939,819.0610867
9/16/2013 0:00,2223.537384,209.5280863,29.1041662,32.7829328,49.1743992,32.7829328,98.34879841,98.34879841,25.14599959,291.041662,75.43799878,49.1743992,37.71899939,819.0610867
9/17/2013 0:00,3334.317252,297.095687,29.1041662,32.7829328,49.1743992,32.7829328,98.34879841,98.34879841,25.14599959,291.041662,75.43799878,49.1743992,37.71899939,819.0610867
9/18/2013 0:00,3739.428817,13.13632369,29.1041662,32.7829328,49.1743992,32.7829328,98.34879841,98.34879841,25.14599959,291.041662,75.43799878,49.1743992,37.71899939,819.0610867
9/19/2013 0:00,3663.230032,31.82817682,29.1041662,32.7829328,49.1743992,32.7829328,98.34879841,98.34879841,25.14599959,291.041662,75.43799878,49.1743992,37.71899939,819.0610867
9/20/2013 0:00,3282.296374,108.0064445,29.1041662,32.7829328,49.1743992,32.7829328,98.34879841,98.34879841,25.14599959,291.041662,75.43799878,49.1743992,37.71899939,819.0610867
9/21/2013 0:00,3359.558591,275.110557,29.1041662,32.7829328,49.1743992,32.7829328,98.34879841,98.34879841,25.14599959,291.041662,75.43799878,49.1743992,37.71899939,819.0610867
9/22/2013 0:00,2502.568012,38.017871,29.1041662,32.7829328,49.1743992,32.7829328,98.34879841,98.34879841,25.14599959,291.041662,75.43799878,49.1743992,37.71899939,819.0610867
9/23/2013 0:00,2427.663457,78.35670892,29.1041662,32.7829328,49.1743992,32.7829328,98.34879841,98.34879841,25.14599959,291.041662,75.43799878,49.1743992,37.71899939,819.0610867
9/24/2013 0:00,3258.330816,291.5534481,29.1041662,32.7829328,49.1743992,32.7829328,98.34879841,98.34879841,25.14599959,291.041662,75.43799878,49.1743992,37.71899939,819.0610867
9/25/2013 0:00,3443.001619,72.82223802,29.1041662,32.7829328,49.1743992,32.7829328,98.34879841,98.34879841,25.14599959,291.041662,75.43799878,49.1743992,37.71899939,819.0610867
9/26/2013 0:00,3610.657326,56.50718604,29.1041662,32.7829328,49.1743992,32.7829328,98.34879841,98.34879841,25.14599959,291.041662,75.43799878,49.1743992,37.71899939,819.0610867
9/27/2013 0:00,3283.961439,190.1210835,29.1041662,32.7829328,49.1743992,32.7829328,98.34879841,98.34879841,25.14599959,291.041662,75.43799878,49.1743992,37.71899939,819.0610867
9/28/2013 0:00,3169.416805,1048.478615,29.1041662,32.7829328,49.1743992,32.7829328,98.34879841,98.34879841,25.14599959,291.041662,75.43799878,49.1743992,37.71899939,819.0610867
9/29/2013 0:00,2229.673984,1142.746306,29.1041662,32.7829328,49.1743992,32.7829328,98.34879841,98.34879841,25.14599959,291.041662,75.43799878,49.1743992,37.71899939,819.0610867
9/30/2013 0:00,2312.917089,227.9631075,29.1041662,32.7829328,49.1743992,32.7829328,98.34879841,98.34879841,25.14599959,291.041662,75.43799878,49.1743992,37.71899939,819.0610867
10/1/2013 0:00,3613.103468,27.44026699,29.1041662,32.7829328,49.1743992,32.7829328,98.34879841,98.34879841,25.14599959,291.041662,75.43799878,49.1743992,37.71899939,819.0610867
10/2/2013 0:00,3459.042297,76.92936524,29.1041662,32.7829328,49.1743992,32.7829328,98.34879841,98.34879841,25.14599959,291.041662,75.43799878,49.1743992,37.71899939,819.0610867
10/3/2013 0:00,3505.827249,72.44038575,29.1041662,32.7829328,49.1743992,32.7829328,98.34879841,98.34879841,25.14599959,291.041662,75.43799878,49.1743992,37.71899939,819.0610867
10/4/2013 0:00,3211.485977,579.8575667,29.1041662,32.7829328,49.1743992,32.7829328,98.34879841,98.34879841,25.14599959,291.041662,75.43799878,49.1743992,37.71899939,819.0610867
10/5/2013 0:00,3161.406395,3170.162202,29.1041662,32.7829328,49.1743992,32.7829328,98.34879841,98.34879841,25.14599959,291.041662,75.43799878,49.1743992,37.71899939,819.0610867
10/6/2013 0:00,2221.855,2399.578359,29.1041662,32.7829328,49.1743992,32.7829328,98.34879841,98.34879841,25.14599959,291.041662,75.43799878,49.1743992,37.71899939,819.0610867
10/7/2013 0:00,2238.164553,525.1762878,29.1041662,32.7829328,49.1743992,32.7829328,98.34879841,98.34879841,25.14599959,291.041662,75.43799878,49.1743992,37.71899939,819.0610867
10/8/2013 0:00,3473.771663,115.0389285,29.1041662,32.7829328,49.1743992,32.7829328,98.34879841,98.34879841,25.14599959,291.041662,75.43799878,49.1743992,37.71899939,819.0610867
10/9/2013 0:00,3425.120936,66.56205225,29.1041662,32.7829328,49.1743992,32.7829328,98.34879841,98.34879841,25.14599959,291.041662,75.43799878,49.1743992,37.71899939,819.0610867
10/10/2013 0:00,3257.655898,218.8715586,29.1041662,32.7829328,49.1743992,32.7829328,98.34879841,98.34879841,25.14599959,291.041662,75.43799878,49.1743992,37.71899939,819.0610867
10/11/2013 0:00,3180.558562,866.0365741,29.1041662,32.7829328,49.1743992,32.7829328,98.34879841,98.34879841,25.14599959,291.041662,75.43799878,49.1743992,37.71899939,819.0610867
10/12/2013 0:00,3182.953908,748.4895568,29.1041662,32.7829328,49.1743992,32.7829328,98.34879841,98.34879841,25.14599959,291.041662,75.43799878,49.1743992,37.71899939,819.0610867
10/13/2013 0:00,2218.192633,1874.756283,29.1041662,32.7829328,49.1743992,32.7829328,98.34879841,98.34879841,25.14599959,291.041662,75.43799878,49.1743992,37.71899939,819.0610867
10/14/2013 0:00,2222.915747,1461.380386,29.1041662,32.7829328,49.1743992,32.7829328,98.34879841,98.34879841,25.14599959,291.041662,75.43799878,49.1743992,37.71899939,819.0610867
10/15/2013 0:00,3168.846636,1468.156346,29.1041662,32.7829328,49.1743992,32.7829328,98.34879841,98.34879841,25.14599959,291.041662,75.43799878,49.1743992,37.71899939,819.0610867
10/16/2013 0:00,3161.393993,3442.863213,29.1041662,32.7829328,49.1743992,32.7829328,98.34879841,98.34879841,25.14599959,291.041662,75.43799878,49.1743992,37.71899939,819.0610867
10/17/2013 0:00,3170.565964,2398.334774,29.1041662,32.7829328,49.1743992,32.7829328,98.34879841,98.34879841,25.14599959,291.041662,75.43799878,49.1743992,37.71899939,819.0610867
10/18/2013 0:00,3168.314784,1920.458923,29.1041662,32.7829328,49.1743992,32.7829328,98.34879841,98.34879841,25.14599959,291.041662,75.43799878,49.1743992,37.71899939,819.0610867
10/19/2013 0:00,3127.478734,3050.916282,29.1041662,32.7829328,49.1743992,32.7829328,98.34879841,98.34879841,25.14599959,291.041662,75.43799878,49.1743992,37.71899939,819.0610867
10/20/2013 0:00,2226.013068,1307.168604,29.1041662,32.7829328,49.1743992,32.7829328,98.34879841,98.34879841,25.14599959,291.041662,75.43799878,49.1743992,37.71899939,819.0610867
10/21/2013 0:00,2216.125563,2553.893028,29.1041662,32.7829328,49.1743992,32.7829328,98.34879841,98.34879841,25.14599959,291.041662,75.43799878,49.1743992,37.71899939,819.0610867
10/22/2013 0:00,3175.450311,1752.210501,29.1041662,32.7829328,49.1743992,32.7829328,98.34879841,98.34879841,25.14599959,291.041662,75.43799878,49.1743992,37.71899939,819.0610867
10/23/2013 0:00,3253.086322,607.5489354,29.1041662,32.7829328,49.1743992,32.7829328,98.34879841,98.34879841,25.14599959,291.041662,75.43799878,49.1743992,37.71899939,819.0610867
10/24/2013 0:00,3268.286313,571.6199905,29.1041662,32.7829328,49.1743992,32.7829328,98.34879841,98.34879841,25.14599959,291.041662,75.43799878,49.1743992,37.71899939,819.0610867
10/25/2013 0:00,3174.109989,1371.876076,29.1041662,32.7829328,49.1743992,32.7829328,98.34879841,98.34879841,25.14599959,291.041662,75.43799878,49.1743992,37.71899939,819.0610867
10/26/2013 0:00,3271.948349,989.3304688,29.1041662,32.7829328,49.1743992,32.7829328,98.34879841,98.34879841,25.14599959,291.041662,75.43799878,49.1743992,37.71899939,819.0610867
10/27/2013 0:00,2228.251986,779.4199274,29.1041662,32.7829328,49.1743992,32.7829328,98.34879841,98.34879841,25.14599959,291.041662,75.43799878,49.1743992,37.71899939,819.0610867
10/28/2013 0:00,2241.870842,334.5777016,29.1041662,32.7829328,49.1743992,32.7829328,98.34879841,98.34879841,25.14599959,291.041662,75.43799878,49.1743992,37.71899939,819.0610867
10/29/2013 0:00,3161.39102,3057.866694,29.1041662,32.7829328,49.1743992,32.7829328,98.34879841,98.34879841,25.14599959,291.041662,75.43799878,49.1743992,37.71899939,819.0610867
10/30/2013 0:00,3161.391747,4284.612905,29.1041662,32.7829328,49.1743992,32.7829328,98.34879841,98.34879841,25.14599959,291.041662,75.43799878,49.1743992,37.71899939,819.0610867
10/31/2013 0:00,3127.682955,3011.098354,29.1041662,32.7829328,49.1743992,32.7829328,98.34879841,98.34879841,25.14599959,291.041662,75.43799878,49.1743992,37.71899939,819.0610867
11/1/2013 0:00,3169.984101,1728.962988,29.1041662,32.7829328,49.1743992,32.7829328,98.34879841,98.34879841,25.14599959,291.041662,75.43799878,49.1743992,37.71899939,819.0610867
11/2/2013 0:00,3170.68805,1572.067228,29.1041662,32.7829328,49.1743992,32.7829328,98.34879841,98.34879841,25.14599959,291.041662,75.43799878,49.1743992,37.71899939,819.0610867
11/3/2013 0:00,2226.806562,1810.245606,29.1041662,32.7829328,49.1743992,32.7829328,98.34879841,98.34879841,25.14599959,291.041662,75.43799878,49.1743992,37.71899939,819.0610867
11/4/2013 0:00,2230.053072,866.637258,29.1041662,32.7829328,49.1743992,32.7829328,98.34879841,98.34879841,25.14599959,291.041662,75.43799878,49.1743992,37.71899939,819.0610867
11/5/2013 0:00,3161.384509,3496.817543,29.1041662,32.7829328,49.1743992,32.7829328,98.34879841,98.34879841,25.14599959,291.041662,75.43799878,49.1743992,37.71899939,819.0610867
11/6/2013 0:00,3161.994456,3685.875264,29.1041662,32.7829328,49.1743992,32.7829328,98.34879841,98.34879841,25.14599959,291.041662,75.43799878,49.1743992,37.71899939,819.0610867
11/7/2013 0:00,3170.963046,2238.249114,29.1041662,32.7829328,49.1743992,32.7829328,98.34879841,98.34879841,25.14599959,291.041662,75.43799878,49.1743992,37.71899939,819.0610867
11/8/2013 0:00,3175.306425,1530.208877,29.1041662,32.7829328,49.1743992,32.7829328,98.34879841,98.34879841,25.14599959,291.041662,75.43799878,49.1743992,37.71899939,819.0610867
11/9/2013 0:00,3230.136157,674.4369592,29.1041662,32.7829328,49.1743992,32.7829328,98.34879841,98.34879841,25.14599959,291.041662,75.43799878,49.1743992,37.71899939,819.0610867
11/10/2013 0:00,2226.585346,1044.550569,29.1041662,32.7829328,49.1743992,32.7829328,98.34879841,98.34879841,25.14599959,291.041662,75.43799878,49.1743992,37.71899939,819.0610867
11/11/2013 0:00,2231.625601,1281.980655,29.1041662,32.7829328,49.1743992,32.7829328,98.34879841,98.34879841,25.14599959,291.041662,75.43799878,49.1743992,37.71899939,819.0610867
11/12/2013 0:00,3177.802264,1648.947967,29.1041662,32.7829328,49.1743992,32.7829328,98.34879841,98.34879841,25.14599959,291.041662,75.43799878,49.1743992,37.71899939,819.0610867
11/13/2013 0:00,3181.548316,1796.244424,29.1041662,32.7829328,49.1743992,32.7829328,98.34879841,98.34879841,25.14599959,291.041662,75.43799878,49.1743992,37.71899939,819.0610867
11/14/2013 0:00,3309.83796,577.0457203,29.1041662,32.7829328,49.1743992,32.7829328,98.34879841,98.34879841,25.14599959,291.041662,75.43799878,49.1743992,37.71899939,819.0610867
11/15/2013 0:00,3188.786273,572.6752811,29.1041662,32.7829328,49.1743992,32.7829328,98.34879841,98.34879841,25.14599959,291.041662,75.43799878,49.1743992,37.71899939,819.0610867
11/16/2013 0:00,3204.374749,1049.984945,29.1041662,32.7829328,49.1743992,32.7829328,98.34879841,98.34879841,25.14599959,291.041662,75.43799878,49.1743992,37.71899939,819.0610867
11/17/2013 0:00,2221.867322,1853.443477,29.1041662,32.7829328,49.1743992,32.7829328,98.34879841,98.34879841,25.14599959,291.041662,75.43799878,49.1743992,37.71899939,819.0610867
11/18/2013 0:00,2220.090949,2341.031343,29.1041662,32.7829328,49.1743992,32.7829328,98.34879841,98.34879841,25.14599959,291.041662,75.43799878,49.1743992,37.71899939,819.0610867
11/19/2013 0:00,3218.416146,1579.871229,29.1041662,32.7829328,49.1743992,32.7829328,98.34879841,98.34879841,25.14599959,291.041662,75.43799878,49.1743992,37.71899939,819.0610867
11/20/2013 0:00,3179.541428,886.7791663,29.1041662,32.7829328,49.1743992,32.7829328,98.34879841,98.34879841,25.14599959,291.041662,75.43799878,49.1743992,37.71899939,819.0610867
11/21/2013 0:00,3185.653383,1078.511878,29.1041662,32.7829328,49.1743992,32.7829328,98.34879841,98.34879841,25.14599959,291.041662,75.43799878,49.1743992,37.71899939,819.0610867
11/22/2013 0:00,3479.3859,7528.132255,29.1041662,32.7829328,49.1743992,32.7829328,98.34879841,98.34879841,25.14599959,291.041662,75.43799878,49.1743992,37.71899939,819.0610867
11/23/2013 0:00,3379.216135,6113.10788,29.1041662,32.7829328,49.1743992,32.7829328,98.34879841,98.34879841,25.14599959,291.041662,75.43799878,49.1743992,37.71899939,819.0610867
11/24/2013 0:00,2216.125563,6791.455009,29.1041662,32.7829328,49.1743992,32.7829328,98.34879841,98.34879841,25.14599959,291.041662,75.43799878,49.1743992,37.71899939,819.0610867
11/25/2013 0:00,2216.140255,6077.504629,29.1041662,32.7829328,49.1743992,32.7829328,98.34879841,98.34879841,25.14599959,291.041662,75.43799878,49.1743992,37.71899939,819.0610867
11/26/2013 0:00,3161.396711,3510.806345,29.1041662,32.7829328,49.1743992,32.7829328,98.34879841,98.34879841,25.14599959,291.041662,75.43799878,49.1743992,37.71899939,819.0610867
11/27/2013 0:00,3166.868963,2976.109042,29.1041662,32.7829328,49.1743992,32.7829328,98.34879841,98.34879841,25.14599959,291.041662,75.43799878,49.1743992,37.71899939,819.0610867
11/28/2013 0:00,3223.809854,1390.670052,29.1041662,32.7829328,49.1743992,32.7829328,98.34879841,98.34879841,25.14599959,291.041662,75.43799878,49.1743992,37.71899939,819.0610867
11/29/2013 0:00,3170.677239,2239.104368,29.1041662,32.7829328,49.1743992,32.7829328,98.34879841,98.34879841,25.14599959,291.041662,75.43799878,49.1743992,37.71899939,819.0610867
11/30/2013 0:00,3210.419813,1379.595134,29.1041662,32.7829328,49.1743992,32.7829328,98.34879841,98.34879841,25.14599959,291.041662,75.43799878,49.1743992,37.71899939,819.0610867
12/1/2013 0:00,2226.946043,1295.365922,29.1041662,32.7829328,49.1743992,32.7829328,98.34879841,98.34879841,25.14599959,291.041662,75.43799878,49.1743992,37.71899939,819.0610867
12/2/2013 0:00,2221.029909,1696.797148,29.1041662,32.7829328,49.1743992,32.7829328,98.34879841,98.34879841,25.14599959,291.041662,75.43799878,49.1743992,37.71899939,819.0610867
12/3/2013 0:00,3181.242132,800.6809332,29.1041662,32.7829328,49.1743992,32.7829328,98.34879841,98.34879841,25.14599959,291.041662,75.43799878,49.1743992,37.71899939,819.0610867
12/4/2013 0:00,3250.751208,3051.116777,29.1041662,32.7829328,49.1743992,32.7829328,98.34879841,98.34879841,25.14599959,291.041662,75.43799878,49.1743992,37.71899939,819.0610867
12/5/2013 0:00,4407.823819,8686.205192,29.1041662,32.7829328,49.1743992,32.7829328,98.34879841,98.34879841,25.14599959,291.041662,75.43799878,49.1743992,37.71899939,819.0610867
12/6/2013 0:00,4737.056904,8737.514159,29.1041662,32.7829328,49.1743992,32.7829328,98.34879841,98.34879841,25.14599959,291.041662,75.43799878,49.1743992,37.71899939,819.0610867
12/7/2013 0:00,4795.67275,8783.48754,29.1041662,32.7829328,49.1743992,32.7829328,98.34879841,98.34879841,25.14599959,291.041662,75.43799878,49.1743992,37.71899939,819.0610867
12/8/2013 0:00,4362.274496,8811.323073,29.1041662,32.7829328,49.1743992,32.7829328,98.34879841,98.34879841,25.14599959,291.041662,75.43799878,49.1743992,37.71899939,819.0610867
12/9/2013 0:00,3749.686704,8642.659742,29.1041662,32.7829328,49.1743992,32.7829328,98.34879841,98.34879841,25.14599959,291.041662,75.43799878,49.1743992,37.71899939,819.0610867
12/10/2013 0:00,3910.611168,7164.622583,29.1041662,32.7829328,49.1743992,32.7829328,98.34879841,98.34879841,25.14599959,291.041662,75.43799878,49.1743992,37.71899939,819.0610867
12/11/2013 0:00,3168.28694,3777.703576,29.1041662,32.7829328,49.1743992,32.7829328,98.34879841,98.34879841,25.14599959,291.041662,75.43799878,49.1743992,37.71899939,819.0610867
12/12/2013 0:00,3200.406742,4906.392777,29.1041662,32.7829328,49.1743992,32.7829328,98.34879841,98.34879841,25.14599959,291.041662,75.43799878,49.1743992,37.71899939,819.0610867
12/13/2013 0:00,3172.108324,2213.484903,29.1041662,32.7829328,49.1743992,32.7829328,98.34879841,98.34879841,25.14599959,291.041662,75.43799878,49.1743992,37.71899939,819.0610867
12/14/2013 0:00,3136.465504,2309.16897,29.1041662,32.7829328,49.1743992,32.7829328,98.34879841,98.34879841,25.14599959,291.041662,75.43799878,49.1743992,37.71899939,819.0610867
12/15/2013 0:00,2216.125563,3921.547605,29.1041662,32.7829328,49.1743992,32.7829328,98.34879841,98.34879841,25.14599959,291.041662,75.43799878,49.1743992,37.71899939,819.0610867
12/16/2013 0:00,2220.52561,1700.446169,29.1041662,32.7829328,49.1743992,32.7829328,98.34879841,98.34879841,25.14599959,291.041662,75.43799878,49.1743992,37.71899939,819.0610867
12/17/2013 0:00,3223.797089,682.1901252,29.1041662,32.7829328,49.1743992,32.7829328,98.34879841,98.34879841,25.14599959,291.041662,75.43799878,49.1743992,37.71899939,819.0610867
12/18/2013 0:00,3220.566265,793.0667108,29.1041662,32.7829328,49.1743992,32.7829328,98.34879841,98.34879841,25.14599959,291.041662,75.43799878,49.1743992,37.71899939,819.0610867
12/19/2013 0:00,3265.414828,411.0831669,29.1041662,32.7829328,49.1743992,32.7829328,98.34879841,98.34879841,25.14599959,291.041662,75.43799878,49.1743992,37.71899939,819.0610867
12/20/2013 0:00,3165.225136,2598.747483,29.1041662,32.7829328,49.1743992,32.7829328,98.34879841,98.34879841,25.14599959,291.041662,75.43799878,49.1743992,37.71899939,819.0610867
12/21/2013 0:00,3276.706657,7101.411122,29.1041662,32.7829328,49.1743992,32.7829328,98.34879841,98.34879841,25.14599959,291.041662,75.43799878,49.1743992,37.71899939,819.0610867
12/22/2013 0:00,2240.790483,7105.543763,29.1041662,32.7829328,49.1743992,32.7829328,98.34879841,98.34879841,25.14599959,291.041662,75.43799878,49.1743992,37.71899939,819.0610867
12/23/2013 0:00,2234.805714,5940.052684,29.1041662,32.7829328,49.1743992,32.7829328,98.34879841,98.34879841,25.14599959,291.041662,75.43799878,49.1743992,37.71899939,819.0610867
12/24/2013 0:00,3191.858108,4195.276776,29.1041662,32.7829328,49.1743992,32.7829328,98.34879841,98.34879841,25.14599959,291.041662,75.43799878,49.1743992,37.71899939,819.0610867
12/25/2013 0:00,3170.983392,2053.162894,29.1041662,32.7829328,49.1743992,32.7829328,98.34879841,98.34879841,25.14599959,291.041662,75.43799878,49.1743992,37.71899939,819.0610867
12/26/2013 0:00,3128.031669,3060.948091,29.1041662,32.7829328,49.1743992,32.7829328,98.34879841,98.34879841,25.14599959,291.041662,75.43799878,49.1743992,37.71899939,819.0610867
12/27/2013 0:00,3175.670715,1389.320397,29.1041662,32.7829328,49.1743992,32.7829328,98.34879841,98.34879841,25.14599959,291.041662,75.43799878,49.1743992,37.71899939,819.0610867
12/28/2013 0:00,3193.858857,1121.346009,29.1041662,32.7829328,49.1743992,32.7829328,98.34879841,98.34879841,25.14599959,291.041662,75.43799878,49.1743992,37.71899939,819.0610867
12/29/2013 0:00,2224.860345,2695.381945,29.1041662,32.7829328,49.1743992,32.7829328,98.34879841,98.34879841,25.14599959,291.041662,75.43799878,49.1743992,37.71899939,819.0610867
12/30/2013 0:00,2320.120297,5992.663809,29.1041662,32.7829328,49.1743992,32.7829328,98.34879841,98.34879841,25.14599959,291.041662,75.43799878,49.1743992,37.71899939,819.0610867
12/31/2013 0:00,3169.230823,2547.534056,29.1041662,32.7829328,49.1743992,32.7829328,98.34879841,98.34879841,25.14599959,291.041662,75.43799878,49.1743992,37.71899939,819.0610867
1/1/2014 0:00,3176.656341,1552.181748,29.1041662,32.7829328,49.1743992,32.7829328,98.34879841,98.34879841,25.14599959,291.041662,75.43799878,49.1743992,37.71899939,819.0610867
