{"data_point":{"_id":"1f5cbbdb-c4a6-4508-9f6f-f1a5560d442b","set_variable_values":{"ada8739c-6c2f-46ec-abf9-f4a7da094aa6":1.0,"25b269d4-d506-4c1f-8ac1-26f803cd5f5d":2.0,"f7e993fb-9a4d-4e42-a6a6-2406c636dea4":2200.0,"d3fa6a89-4f16-46dc-9e50-79a7fe8222f6":20.0,"0ed2c9a9-f95c-43b8-bc14-e86db521d938":10.0,"390fd5d0-1336-48fd-932b-4b53e6e63aae":-9.0,"14d08e96-05e0-49b2-af37-8aca3e04ba99":8.0,"74bf0e4c-5a04-4fd2-a56c-44f581ac02a5":-20.0,"096a99a2-6504-4407-9042-46cb53deb93e":110.0,"7a6d1653-a31c-449b-bcbf-ea002f782eb5":25.0,"e312b9c7-a35e-4c00-870d-ade7505ab3f3":3.3,"d177f7f4-d695-4e8d-8a8b-3d51d35fefe7":0.82},"download_status":"na","status":"started","status_message":"","results":{},"sdp_log_file":["[16:37:26.257428 INFO] Initializing directory /mnt/openstudio/analysis_29e28efb-a5f2-4cc1-a49c-e19e0326883e/data_point_1f5cbbdb-c4a6-4508-9f6f-f1a5560d442b for simulation with options {:transitions=>[{:from=>:queued, :to=>:preflight}, {:from=>:preflight, :to=>:openstudio}, {:from=>:openstudio, :to=>:energyplus}, {:from=>:energyplus, :to=>:reporting_measures}, {:from=>:reporting_measures, :to=>:postprocess}, {:from=>:postprocess, :to=>:finished}], :states=>[{:state=>:queued, :options=>{:initial=>true}}, {:state=>:preflight, :options=>{:after_enter=>:run_preflight}}, {:state=>:openstudio, :options=>{:after_enter=>:run_openstudio}}, {:state=>:energyplus, :options=>{:after_enter=>:run_energyplus}}, {:state=>:reporting_measures, :options=>{:after_enter=>:run_reporting_measures}}, {:state=>:postprocess, :options=>{:after_enter=>:run_postprocess}}, {:state=>:finished}, {:state=>:errored}], :jobs=>{}, :adapter_options=>{:mongoid_path=>\"/mnt/openstudio/rails-models\", :rails_env=>:development}, :datapoint_id=>\"1f5cbbdb-c4a6-4508-9f6f-f1a5560d442b\", :analysis_root_path=>\"/mnt/openstudio/analysis_29e28efb-a5f2-4cc1-a49c-e19e0326883e\"}","[16:37:26.263374 INFO] Initializing state machine","[16:37:26.264302 INFO] Starting workflow in /mnt/openstudio/analysis_29e28efb-a5f2-4cc1-a49c-e19e0326883e/data_point_1f5cbbdb-c4a6-4508-9f6f-f1a5560d442b","[16:37:28.265617 INFO] Current state: 'queued'","[16:37:28.269451 INFO] Next state will be: 'preflight'","[16:37:28.270663 INFO] Running run_preflight","[16:37:28.272084 INFO] Getting method for state transition 'run_preflight'","[16:37:28.273629 INFO] Calling perform in the RunPreflight class","[16:37:30.280915 INFO] Current state: 'preflight'","[16:37:30.285191 INFO] Next state will be: 'openstudio'","[16:37:30.287329 INFO] Running run_openstudio","[16:37:30.290362 INFO] Getting method for state transition 'run_openstudio'","[16:37:30.292440 INFO] RunOpenstudio passed the following options {:format=>\"hash\", :analysis_root_path=>\"/mnt/openstudio/analysis_29e28efb-a5f2-4cc1-a49c-e19e0326883e\", :transitions=>[{:from=>:queued, :to=>:preflight}, {:from=>:preflight, :to=>:openstudio}, {:from=>:openstudio, :to=>:energyplus}, {:from=>:energyplus, :to=>:reporting_measures}, {:from=>:reporting_measures, :to=>:postprocess}, {:from=>:postprocess, :to=>:finished}], :states=>[{:state=>:queued, :options=>{:initial=>true}}, {:state=>:preflight, :options=>{:after_enter=>:run_preflight}}, {:state=>:openstudio, :options=>{:after_enter=>:run_openstudio}}, {:state=>:energyplus, :options=>{:after_enter=>:run_energyplus}}, {:state=>:reporting_measures, :options=>{:after_enter=>:run_reporting_measures}}, {:state=>:postprocess, :options=>{:after_enter=>:run_postprocess}}, {:state=>:finished}, {:state=>:errored}], :jobs=>{}, :adapter_options=>{:mongoid_path=>\"/mnt/openstudio/rails-models\", :rails_env=>:development}, :datapoint_id=>\"1f5cbbdb-c4a6-4508-9f6f-f1a5560d442b\", :run_preflight=>{}}","[16:37:30.293687 INFO] Calling perform in the RunOpenstudio class","[16:37:30.295138 INFO] Current directory is /mnt/openstudio/analysis_29e28efb-a5f2-4cc1-a49c-e19e0326883e/data_point_1f5cbbdb-c4a6-4508-9f6f-f1a5560d442b","[16:37:30.296440 INFO] Retrieving datapoint and problem","[16:37:30.442652 INFO] Loading seed model","[16:37:30.444906 INFO] Seed model is {:file_type=>\"OSM\", :path=>\"./seed/SEB4_baseboard.osm\"}","[16:37:30.445853 INFO] Reading in baseline model /mnt/openstudio/analysis_29e28efb-a5f2-4cc1-a49c-e19e0326883e/seed/SEB4_baseboard.osm","[16:37:32.849961 INFO] Applying measures for RubyMeasure","[16:37:32.860319 INFO] Starting apply_measure for addmonthlyjsonutilitydataelectric","[16:37:32.862402 INFO] Creating run directory to /mnt/openstudio/analysis_29e28efb-a5f2-4cc1-a49c-e19e0326883e/data_point_1f5cbbdb-c4a6-4508-9f6f-f1a5560d442b/run/AddMonthlyJSONUtilityData","[16:37:32.865386 INFO] Apply measure running in /mnt/openstudio/analysis_29e28efb-a5f2-4cc1-a49c-e19e0326883e/data_point_1f5cbbdb-c4a6-4508-9f6f-f1a5560d442b/run/AddMonthlyJSONUtilityData","[16:37:32.867176 INFO] Loading Measure from /mnt/openstudio/analysis_29e28efb-a5f2-4cc1-a49c-e19e0326883e/measures/AddMonthlyJSONUtilityData/measure.rb","[16:37:32.876500 INFO] Iterating over arguments for workflow item 'addmonthlyjsonutilitydataelectric'","[16:37:32.880474 INFO] Setting argument value 'json' to '../../../lib/calibration_data/electric_truth.json'","[16:37:32.881662 INFO] Setting argument value 'variable_name' to 'Electric Bill'","[16:37:32.882446 INFO] Setting argument value 'fuel_type' to 'Electricity'","[16:37:32.883248 INFO] Setting argument value 'consumption_unit' to 'kWh'","[16:37:32.884073 INFO] Setting argument value 'data_key_name' to 'tot_kwh'","[16:37:32.884855 INFO] Setting argument value 'start_date' to '2013-01-1'","[16:37:32.885669 INFO] Setting argument value 'end_date' to '2013-12-31'","[16:37:32.886484 INFO] Setting argument value 'remove_existing_data' to 'true'","[16:37:32.887300 INFO] Setting argument value 'set_runperiod' to 'true'","[16:37:32.888475 INFO] Iterating over variables for workflow item 'addmonthlyjsonutilitydataelectric'","[16:37:32.889210 INFO] Calling measure.run for 'addmonthlyjsonutilitydataelectric'","[16:37:32.894884 INFO] RunPeriod start date set to 2013-Jan-01","[16:37:32.895868 INFO] RunPeriod end date set to 2013-Dec-31","[16:37:32.897165 INFO] json is ../../../lib/calibration_data/electric_truth.json","[16:37:32.898023 INFO] json_path is /mnt/openstudio/analysis_29e28efb-a5f2-4cc1-a49c-e19e0326883e/lib/calibration_data/electric_truth.json","[16:37:32.898999 INFO] fuel_type is Electricity","[16:37:32.901508 INFO] period {\"from\"=>\"2013-01-01T00:00:00Z\", \"to\"=>\"2013-01-30T23:59:59Z\", \"tot_kwh\"=>2234.95}","[16:37:32.902672 INFO] period_start_date: 2013-Jan-01, period_end_date: 2013-Jan-30, tot_kwh: 2234.95","[16:37:32.904241 INFO] period {\"from\"=>\"2013-02-01T00:00:00Z\", \"to\"=>\"2013-02-28T23:59:59Z\", \"tot_kwh\"=>1961.6}","[16:37:32.905060 INFO] period_start_date: 2013-Feb-01, period_end_date: 2013-Feb-28, tot_kwh: 1961.6","[16:37:32.906350 INFO] period {\"from\"=>\"2013-03-01T00:00:00Z\", \"to\"=>\"2013-03-31T23:59:59Z\", \"tot_kwh\"=>2168.52}","[16:37:32.907160 INFO] period_start_date: 2013-Mar-01, period_end_date: 2013-Mar-31, tot_kwh: 2168.52","[16:37:32.908261 INFO] period {\"from\"=>\"2013-04-01T00:00:00Z\", \"to\"=>\"2013-04-30T23:59:59Z\", \"tot_kwh\"=>2148.87}","[16:37:32.909086 INFO] period_start_date: 2013-Apr-01, period_end_date: 2013-Apr-30, tot_kwh: 2148.87","[16:37:32.910156 INFO] period {\"from\"=>\"2013-05-01T00:00:00Z\", \"to\"=>\"2013-05-31T23:59:59Z\", \"tot_kwh\"=>2312.54}","[16:37:32.911024 INFO] period_start_date: 2013-May-01, period_end_date: 2013-May-31, tot_kwh: 2312.54","[16:37:32.912123 INFO] period {\"from\"=>\"2013-06-01T00:00:00Z\", \"to\"=>\"2013-06-30T23:59:59Z\", \"tot_kwh\"=>2449.8}","[16:37:32.912994 INFO] period_start_date: 2013-Jun-01, period_end_date: 2013-Jun-30, tot_kwh: 2449.8","[16:37:32.914070 INFO] period {\"from\"=>\"2013-07-01T00:00:00Z\", \"to\"=>\"2013-07-31T23:59:59Z\", \"tot_kwh\"=>2646.9}","[16:37:32.914926 INFO] period_start_date: 2013-Jul-01, period_end_date: 2013-Jul-31, tot_kwh: 2646.9","[16:37:32.916097 INFO] period {\"from\"=>\"2013-08-01T00:00:00Z\", \"to\"=>\"2013-08-31T23:59:59Z\", \"tot_kwh\"=>2613.42}","[16:37:32.916974 INFO] period_start_date: 2013-Aug-01, period_end_date: 2013-Aug-31, tot_kwh: 2613.42","[16:37:32.918066 INFO] period {\"from\"=>\"2013-09-01T00:00:00Z\", \"to\"=>\"2013-09-30T23:59:59Z\", \"tot_kwh\"=>2331.18}","[16:37:32.918926 INFO] period_start_date: 2013-Sep-01, period_end_date: 2013-Sep-30, tot_kwh: 2331.18","[16:37:32.920345 INFO] period {\"from\"=>\"2013-10-01T00:00:00Z\", \"to\"=>\"2013-10-31T23:59:59Z\", \"tot_kwh\"=>2213.55}","[16:37:32.921256 INFO] period_start_date: 2013-Oct-01, period_end_date: 2013-Oct-31, tot_kwh: 2213.55","[16:37:32.922547 INFO] period {\"from\"=>\"2013-11-01T00:00:00Z\", \"to\"=>\"2013-11-30T23:59:59Z\", \"tot_kwh\"=>2100.59}","[16:37:32.924027 INFO] period_start_date: 2013-Nov-01, period_end_date: 2013-Nov-30, tot_kwh: 2100.59","[16:37:32.925146 INFO] period {\"from\"=>\"2013-12-01T00:00:00Z\", \"to\"=>\"2013-12-31T23:59:59Z\", \"tot_kwh\"=>2378.61}","[16:37:32.926020 INFO] period_start_date: 2013-Dec-01, period_end_date: 2013-Dec-31, tot_kwh: 2378.61","[16:37:32.927041 INFO] Utility bill data has been added to the model.","[16:37:32.927934 INFO] Finished measure.run for 'addmonthlyjsonutilitydataelectric'","[16:37:33.026300 INFO] Running of measure 'addmonthlyjsonutilitydataelectric' completed. Post-processing measure output","[16:37:33.031420 INFO] Finished apply_measure for addmonthlyjsonutilitydataelectric in [{\"Measure:addmonthlyjsonutilitydataelectric\"=>0.16932225227355957}] s","[16:37:33.032339 INFO] Starting apply_measure for addmonthlyjsonutilitydatagas","[16:37:33.033248 INFO] Creating run directory to /mnt/openstudio/analysis_29e28efb-a5f2-4cc1-a49c-e19e0326883e/data_point_1f5cbbdb-c4a6-4508-9f6f-f1a5560d442b/run/AddMonthlyJSONUtilityData","[16:37:33.034240 INFO] Apply measure running in /mnt/openstudio/analysis_29e28efb-a5f2-4cc1-a49c-e19e0326883e/data_point_1f5cbbdb-c4a6-4508-9f6f-f1a5560d442b/run/AddMonthlyJSONUtilityData","[16:37:33.035181 INFO] Loading Measure from /mnt/openstudio/analysis_29e28efb-a5f2-4cc1-a49c-e19e0326883e/measures/AddMonthlyJSONUtilityData/measure.rb","[16:37:33.036801 INFO] Iterating over arguments for workflow item 'addmonthlyjsonutilitydatagas'","[16:37:33.037683 INFO] Setting argument value 'json' to '../../../lib/calibration_data/gas_truth.json'","[16:37:33.038594 INFO] Setting argument value 'variable_name' to 'Gas Bill'","[16:37:33.039501 INFO] Setting argument value 'fuel_type' to 'Gas'","[16:37:33.040381 INFO] Setting argument value 'consumption_unit' to 'therms'","[16:37:33.041295 INFO] Setting argument value 'data_key_name' to 'tot_therms'","[16:37:33.042232 INFO] Setting argument value 'start_date' to '2013-01-1'","[16:37:33.043141 INFO] Setting argument value 'end_date' to '2013-12-31'","[16:37:33.044084 INFO] Setting argument value 'remove_existing_data' to 'false'","[16:37:33.045014 INFO] Iterating over variables for workflow item 'addmonthlyjsonutilitydatagas'","[16:37:33.045906 INFO] Calling measure.run for 'addmonthlyjsonutilitydatagas'","[16:37:33.048225 INFO] json is ../../../lib/calibration_data/gas_truth.json","[16:37:33.049173 INFO] json_path is /mnt/openstudio/analysis_29e28efb-a5f2-4cc1-a49c-e19e0326883e/lib/calibration_data/gas_truth.json","[16:37:33.050586 INFO] fuel_type is Gas","[16:37:33.052548 INFO] period {\"from\"=>\"2013-01-01T00:00:00Z\", \"to\"=>\"2013-01-30T23:59:59Z\", \"tot_therms\"=>88.94}","[16:37:33.053530 INFO] period_start_date: 2013-Jan-01, period_end_date: 2013-Jan-30, tot_therms: 88.94","[16:37:33.054780 INFO] period {\"from\"=>\"2013-02-01T00:00:00Z\", \"to\"=>\"2013-02-28T23:59:59Z\", \"tot_therms\"=>98.73}","[16:37:33.055750 INFO] period_start_date: 2013-Feb-01, period_end_date: 2013-Feb-28, tot_therms: 98.73","[16:37:33.056939 INFO] period {\"from\"=>\"2013-03-01T00:00:00Z\", \"to\"=>\"2013-03-31T23:59:59Z\", \"tot_therms\"=>74.16}","[16:37:33.057931 INFO] period_start_date: 2013-Mar-01, period_end_date: 2013-Mar-31, tot_therms: 74.16","[16:37:33.059147 INFO] period {\"from\"=>\"2013-04-01T00:00:00Z\", \"to\"=>\"2013-04-30T23:59:59Z\", \"tot_therms\"=>65.19}","[16:37:33.060136 INFO] period_start_date: 2013-Apr-01, period_end_date: 2013-Apr-30, tot_therms: 65.19","[16:37:33.061392 INFO] period {\"from\"=>\"2013-05-01T00:00:00Z\", \"to\"=>\"2013-05-31T23:59:59Z\", \"tot_therms\"=>18.13}","[16:37:33.062319 INFO] period_start_date: 2013-May-01, period_end_date: 2013-May-31, tot_therms: 18.13","[16:37:33.063706 INFO] period {\"from\"=>\"2013-06-01T00:00:00Z\", \"to\"=>\"2013-06-30T23:59:59Z\", \"tot_therms\"=>2.19}","[16:37:33.064684 INFO] period_start_date: 2013-Jun-01, period_end_date: 2013-Jun-30, tot_therms: 2.19","[16:37:33.065895 INFO] period {\"from\"=>\"2013-07-01T00:00:00Z\", \"to\"=>\"2013-07-31T23:59:59Z\", \"tot_therms\"=>0.61}","[16:37:33.066884 INFO] period_start_date: 2013-Jul-01, period_end_date: 2013-Jul-31, tot_therms: 0.61","[16:37:33.068152 INFO] period {\"from\"=>\"2013-08-01T00:00:00Z\", \"to\"=>\"2013-08-31T23:59:59Z\", \"tot_therms\"=>0.53}","[16:37:33.069129 INFO] period_start_date: 2013-Aug-01, period_end_date: 2013-Aug-31, tot_therms: 0.53","[16:37:33.070385 INFO] period {\"from\"=>\"2013-09-01T00:00:00Z\", \"to\"=>\"2013-09-30T23:59:59Z\", \"tot_therms\"=>3.87}","[16:37:33.071397 INFO] period_start_date: 2013-Sep-01, period_end_date: 2013-Sep-30, tot_therms: 3.87","[16:37:33.072645 INFO] period {\"from\"=>\"2013-10-01T00:00:00Z\", \"to\"=>\"2013-10-31T23:59:59Z\", \"tot_therms\"=>38.33}","[16:37:33.073665 INFO] period_start_date: 2013-Oct-01, period_end_date: 2013-Oct-31, tot_therms: 38.33","[16:37:33.075744 INFO] period {\"from\"=>\"2013-11-01T00:00:00Z\", \"to\"=>\"2013-11-30T23:59:59Z\", \"tot_therms\"=>58.05}","[16:37:33.076778 INFO] period_start_date: 2013-Nov-01, period_end_date: 2013-Nov-30, tot_therms: 58.05","[16:37:33.078034 INFO] period {\"from\"=>\"2013-12-01T00:00:00Z\", \"to\"=>\"2013-12-31T23:59:59Z\", \"tot_therms\"=>101.91}","[16:37:33.079080 INFO] period_start_date: 2013-Dec-01, period_end_date: 2013-Dec-31, tot_therms: 101.91","[16:37:33.080222 INFO] Utility bill data has been added to the model.","[16:37:33.081216 INFO] Finished measure.run for 'addmonthlyjsonutilitydatagas'","[16:37:33.148329 INFO] Running of measure 'addmonthlyjsonutilitydatagas' completed. Post-processing measure output","[16:37:33.150775 INFO] Finished apply_measure for addmonthlyjsonutilitydatagas in [{\"Measure:addmonthlyjsonutilitydatagas\"=>0.11751747131347656}] s","[16:37:33.151631 INFO] Starting apply_measure for reducespaceinfiltrationbypercentage","[16:37:33.152662 INFO] Creating run directory to /mnt/openstudio/analysis_29e28efb-a5f2-4cc1-a49c-e19e0326883e/data_point_1f5cbbdb-c4a6-4508-9f6f-f1a5560d442b/run/ReduceSpaceInfiltrationByPercentage","[16:37:33.154314 INFO] Apply measure running in /mnt/openstudio/analysis_29e28efb-a5f2-4cc1-a49c-e19e0326883e/data_point_1f5cbbdb-c4a6-4508-9f6f-f1a5560d442b/run/ReduceSpaceInfiltrationByPercentage","[16:37:33.155360 INFO] Loading Measure from /mnt/openstudio/analysis_29e28efb-a5f2-4cc1-a49c-e19e0326883e/measures/ReduceSpaceInfiltrationByPercentage/measure.rb","[16:37:33.161554 INFO] Iterating over arguments for workflow item 'reducespaceinfiltrationbypercentage'","[16:37:33.163350 INFO] Setting argument value 'space_type' to '*Entire Building*'","[16:37:33.164439 INFO] Setting argument value 'constant_coefficient' to '1.0'","[16:37:33.165588 INFO] Setting argument value 'temperature_coefficient' to '0.0'","[16:37:33.166597 INFO] Setting argument value 'wind_speed_coefficient' to '0.0'","[16:37:33.167717 INFO] Setting argument value 'wind_speed_squared_coefficient' to '0.0'","[16:37:33.168782 INFO] Iterating over variables for workflow item 'reducespaceinfiltrationbypercentage'","[16:37:33.169848 INFO] Setting variable 'space_infiltration_reduction_percent' to 25.0","[16:37:33.170855 INFO] Calling measure.run for 'reducespaceinfiltrationbypercentage'","[16:37:33.173918 INFO] The initial model contained 5 space infiltration objects.","[16:37:33.180960 INFO] Cost arguments were not provided, no cost objects were added to the model.","[16:37:33.182636 INFO] 5 space infiltration objects in the model were altered affecting 885(ft^2) at a total cost of $0.","[16:37:33.183634 INFO] Finished measure.run for 'reducespaceinfiltrationbypercentage'","[16:37:33.248920 INFO] Running of measure 'reducespaceinfiltrationbypercentage' completed. Post-processing measure output","[16:37:33.251535 INFO] Finished apply_measure for reducespaceinfiltrationbypercentage in [{\"Measure:reducespaceinfiltrationbypercentage\"=>0.09882116317749023}] s","[16:37:33.252600 INFO] Starting apply_measure for change_lighting_loads_by_percentage","[16:37:33.253654 INFO] Creating run directory to /mnt/openstudio/analysis_29e28efb-a5f2-4cc1-a49c-e19e0326883e/data_point_1f5cbbdb-c4a6-4508-9f6f-f1a5560d442b/run/ChangeLightingLoadsByPercentage","[16:37:33.254866 INFO] Apply measure running in /mnt/openstudio/analysis_29e28efb-a5f2-4cc1-a49c-e19e0326883e/data_point_1f5cbbdb-c4a6-4508-9f6f-f1a5560d442b/run/ChangeLightingLoadsByPercentage","[16:37:33.256036 INFO] Loading Measure from /mnt/openstudio/analysis_29e28efb-a5f2-4cc1-a49c-e19e0326883e/measures/ChangeLightingLoadsByPercentage/measure.rb","[16:37:33.261492 INFO] Iterating over arguments for workflow item 'change_lighting_loads_by_percentage'","[16:37:33.263301 INFO] Setting argument value 'space_type' to '*Entire Building*'","[16:37:33.264594 INFO] Iterating over variables for workflow item 'change_lighting_loads_by_percentage'","[16:37:33.265681 INFO] Setting variable 'lighting_power_change_percent' to 10.0","[16:37:33.266952 INFO] Calling measure.run for 'change_lighting_loads_by_percentage'","[16:37:33.278254 INFO] The model's initial building lighting power was  1,450 watts, a lighting power density of 1.64 w/ft^2.","[16:37:33.291491 INFO] The model's final building lighting power was  1,595 watts, a lighting power density of 1.80 w/ft^2. Initial capital costs associated with the improvements are $0.","[16:37:33.293222 INFO] Finished measure.run for 'change_lighting_loads_by_percentage'","[16:37:33.361676 INFO] Running of measure 'change_lighting_loads_by_percentage' completed. Post-processing measure output","[16:37:33.364034 INFO] Finished apply_measure for change_lighting_loads_by_percentage in [{\"Measure:change_lighting_loads_by_percentage\"=>0.1103513240814209}] s","[16:37:33.365123 INFO] Starting apply_measure for change_electric_equipment_loads_by_percentage","[16:37:33.366257 INFO] Creating run directory to /mnt/openstudio/analysis_29e28efb-a5f2-4cc1-a49c-e19e0326883e/data_point_1f5cbbdb-c4a6-4508-9f6f-f1a5560d442b/run/ChangeElectricEquipmentLoadsByPercentage","[16:37:33.367908 INFO] Apply measure running in /mnt/openstudio/analysis_29e28efb-a5f2-4cc1-a49c-e19e0326883e/data_point_1f5cbbdb-c4a6-4508-9f6f-f1a5560d442b/run/ChangeElectricEquipmentLoadsByPercentage","[16:37:33.369011 INFO] Loading Measure from /mnt/openstudio/analysis_29e28efb-a5f2-4cc1-a49c-e19e0326883e/measures/ChangeElectricEquipmentLoadsByPercentage/measure.rb","[16:37:33.373342 INFO] Iterating over arguments for workflow item 'change_electric_equipment_loads_by_percentage'","[16:37:33.375121 INFO] Setting argument value 'space_type' to '*Entire Building*'","[16:37:33.376263 INFO] Iterating over variables for workflow item 'change_electric_equipment_loads_by_percentage'","[16:37:33.377333 INFO] Setting variable 'elecequip_power_change_percent' to 20.0","[16:37:33.378451 INFO] Calling measure.run for 'change_electric_equipment_loads_by_percentage'","[16:37:33.386067 INFO] The model's initial building electric equipment power was  2,485 watts, an electric equipment power density of 2.81 w/ft^2.","[16:37:33.407269 INFO] The model's final building electric equipment power was  2,982 watts, an electric equipment power density of 3.37 w/ft^2. Initial capital costs associated with the improvements are $0.","[16:37:33.409513 INFO] Finished measure.run for 'change_electric_equipment_loads_by_percentage'","[16:37:33.475693 INFO] Running of measure 'change_electric_equipment_loads_by_percentage' completed. Post-processing measure output","[16:37:33.478118 INFO] Finished apply_measure for change_electric_equipment_loads_by_percentage in [{\"Measure:change_electric_equipment_loads_by_percentage\"=>0.11183381080627441}] s","[16:37:33.479257 INFO] Starting apply_measure for set_gas_burner_efficiency","[16:37:33.480485 INFO] Creating run directory to /mnt/openstudio/analysis_29e28efb-a5f2-4cc1-a49c-e19e0326883e/data_point_1f5cbbdb-c4a6-4508-9f6f-f1a5560d442b/run/SetGasBurnerEfficiency","[16:37:33.482198 INFO] Apply measure running in /mnt/openstudio/analysis_29e28efb-a5f2-4cc1-a49c-e19e0326883e/data_point_1f5cbbdb-c4a6-4508-9f6f-f1a5560d442b/run/SetGasBurnerEfficiency","[16:37:33.483391 INFO] Loading Measure from /mnt/openstudio/analysis_29e28efb-a5f2-4cc1-a49c-e19e0326883e/measures/SetGasBurnerEfficiency/measure.rb","[16:37:33.488600 INFO] Iterating over arguments for workflow item 'set_gas_burner_efficiency'","[16:37:33.491108 INFO] Setting argument value 'object' to '*All Air Loops*'","[16:37:33.492298 INFO] Iterating over variables for workflow item 'set_gas_burner_efficiency'","[16:37:33.493444 INFO] Setting variable 'eff' to 0.82","[16:37:33.494612 INFO] Calling measure.run for 'set_gas_burner_efficiency'","[16:37:33.497135 INFO] No costs were requested for Coil Cooling DX Two Speed units.","[16:37:33.498586 INFO] Changing the burner efficiency from 0.95 to 0.82 for gas heating units 'OS:Coil:Heating:Gas 1' on air loop 'Small heating and cooling furnace'","[16:37:33.500519 INFO] The starting efficiency values in affected loop(s) range from 0.95 to 0.95. Initial year 0 capital costs for affected Coil Heating Gas units is $0.","[16:37:33.501694 INFO] 1 Coil Heating Gas units had their Rated COP values set to 0.82. Final year 0 capital costs for affected Coil Heating Gas units is $0.","[16:37:33.502822 INFO] Finished measure.run for 'set_gas_burner_efficiency'","[16:37:33.566873 INFO] Running of measure 'set_gas_burner_efficiency' completed. Post-processing measure output","[16:37:33.569292 INFO] Finished apply_measure for set_gas_burner_efficiency in [{\"Measure:set_gas_burner_efficiency\"=>0.08878302574157715}] s","[16:37:33.570442 INFO] Starting apply_measure for set_cop_for_single_speed_dx_cooling_units","[16:37:33.571632 INFO] Creating run directory to /mnt/openstudio/analysis_29e28efb-a5f2-4cc1-a49c-e19e0326883e/data_point_1f5cbbdb-c4a6-4508-9f6f-f1a5560d442b/run/SetCOPforSingleSpeedDXCoolingUnits","[16:37:33.572935 INFO] Apply measure running in /mnt/openstudio/analysis_29e28efb-a5f2-4cc1-a49c-e19e0326883e/data_point_1f5cbbdb-c4a6-4508-9f6f-f1a5560d442b/run/SetCOPforSingleSpeedDXCoolingUnits","[16:37:33.574131 INFO] Loading Measure from /mnt/openstudio/analysis_29e28efb-a5f2-4cc1-a49c-e19e0326883e/measures/SetCOPforSingleSpeedDXCoolingUnits/measure.rb","[16:37:33.579168 INFO] Iterating over arguments for workflow item 'set_cop_for_single_speed_dx_cooling_units'","[16:37:33.581129 INFO] Setting argument value 'object' to '*All Air Loops*'","[16:37:33.582343 INFO] Iterating over variables for workflow item 'set_cop_for_single_speed_dx_cooling_units'","[16:37:33.583575 INFO] Setting variable 'cop' to 3.3","[16:37:33.584792 INFO] Calling measure.run for 'set_cop_for_single_speed_dx_cooling_units'","[16:37:33.587295 INFO] No costs were requested for Coil Cooling DX Single Speed units.","[16:37:33.588788 INFO] Changing the Rated COP from 4.1 to 3.3 for single speed dx unit 'Coil Cooling DX Single Speed 1' on air loop 'Small heating and cooling furnace'","[16:37:33.590700 INFO] The starting Rated COP values in affected loop(s) range from 4.1 to 4.1. Initial year 0 capital costs for affected Coil Cooling DX Single Speed units is $0.","[16:37:33.591913 INFO] 1 single speed dx units had their Rated COP values set to 3.3. Final year 0 capital costs for affected Coil Cooling DX Single Speed units is $0.","[16:37:33.593084 INFO] Finished measure.run for 'set_cop_for_single_speed_dx_cooling_units'","[16:37:33.656343 INFO] Running of measure 'set_cop_for_single_speed_dx_cooling_units' completed. Post-processing measure output","[16:37:33.659426 INFO] Finished apply_measure for set_cop_for_single_speed_dx_cooling_units in [{\"Measure:set_cop_for_single_speed_dx_cooling_units\"=>0.08776211738586426}] s","[16:37:33.660674 INFO] Starting apply_measure for improve_fan_belt_efficiency","[16:37:33.661895 INFO] Creating run directory to /mnt/openstudio/analysis_29e28efb-a5f2-4cc1-a49c-e19e0326883e/data_point_1f5cbbdb-c4a6-4508-9f6f-f1a5560d442b/run/ImproveFanBeltEfficiency","[16:37:33.663231 INFO] Apply measure running in /mnt/openstudio/analysis_29e28efb-a5f2-4cc1-a49c-e19e0326883e/data_point_1f5cbbdb-c4a6-4508-9f6f-f1a5560d442b/run/ImproveFanBeltEfficiency","[16:37:33.664613 INFO] Loading Measure from /mnt/openstudio/analysis_29e28efb-a5f2-4cc1-a49c-e19e0326883e/measures/ImproveFanBeltEfficiency/measure.rb","[16:37:33.669281 INFO] Iterating over arguments for workflow item 'improve_fan_belt_efficiency'","[16:37:33.671230 INFO] Setting argument value 'object' to '*All Air Loops*'","[16:37:33.672486 INFO] Iterating over variables for workflow item 'improve_fan_belt_efficiency'","[16:37:33.673694 INFO] Setting variable 'motor_eff' to 8.0","[16:37:33.674952 INFO] Setting variable 'fan_eff' to -9.0","[16:37:33.676205 INFO] Calling measure.run for 'improve_fan_belt_efficiency'","[16:37:33.679146 INFO] No costs were requested for motors improvements.","[16:37:33.680718 INFO] Changing the motor efficiency from 85.7399978637695% to 93.7399978637695% for 'User defined fan 1' onloop 'Small heating and cooling furnace.'","[16:37:33.682612 INFO] Changing the motor efficiency from 70.0% to 61.0% for 'User defined fan 1' onloop 'Small heating and cooling furnace.'","[16:37:33.684758 INFO] The starting motor efficiency values in affected loop(s) range from 85.7399978637695% to 85.7399978637695%. Initial year 0 capital costs for affected fans is $0.","[16:37:33.686127 INFO] 1 fans had motor efficiency values set to altered. Final year 0 capital costs for affected fans is $0.","[16:37:33.687428 INFO] Finished measure.run for 'improve_fan_belt_efficiency'","[16:37:33.751354 INFO] Running of measure 'improve_fan_belt_efficiency' completed. Post-processing measure output","[16:37:33.753791 INFO] Finished apply_measure for improve_fan_belt_efficiency in [{\"Measure:improve_fan_belt_efficiency\"=>0.09186744689941406}] s","[16:37:33.755054 INFO] Starting apply_measure for adjust_thermostat_setpoints_by_degrees","[16:37:33.756319 INFO] Creating run directory to /mnt/openstudio/analysis_29e28efb-a5f2-4cc1-a49c-e19e0326883e/data_point_1f5cbbdb-c4a6-4508-9f6f-f1a5560d442b/run/AdjustThermostatSetpointsByDegrees","[16:37:33.757705 INFO] Apply measure running in /mnt/openstudio/analysis_29e28efb-a5f2-4cc1-a49c-e19e0326883e/data_point_1f5cbbdb-c4a6-4508-9f6f-f1a5560d442b/run/AdjustThermostatSetpointsByDegrees","[16:37:33.758988 INFO] Loading Measure from /mnt/openstudio/analysis_29e28efb-a5f2-4cc1-a49c-e19e0326883e/measures/AdjustThermostatSetpointsByDegrees/measure.rb","[16:37:33.762147 INFO] Iterating over arguments for workflow item 'adjust_thermostat_setpoints_by_degrees'","[16:37:33.764232 INFO] Setting argument value 'alter_design_days' to 'false'","[16:37:33.765553 INFO] Iterating over variables for workflow item 'adjust_thermostat_setpoints_by_degrees'","[16:37:33.766821 INFO] Setting variable 'cooling_adjustment' to 1.0","[16:37:33.768386 INFO] Setting variable 'heating_adjustment' to 2.0","[16:37:33.769686 INFO] Calling measure.run for 'adjust_thermostat_setpoints_by_degrees'","[16:37:33.771495 WARN] Raising the heating setpoint will increase energy use.","[16:37:33.793722 INFO] Initial cooling setpoints used in the model range from 75 F to 75 F. Initial heating setpoints used in the model range from 65 F to 65 F.","[16:37:33.795722 INFO] Final cooling setpoints used in the model range from 76 F to 76 F. Final heating setpoints used in the model range from 67 F to 67 F.","[16:37:33.797010 INFO] Finished measure.run for 'adjust_thermostat_setpoints_by_degrees'","[16:37:33.866732 INFO] Running of measure 'adjust_thermostat_setpoints_by_degrees' completed. Post-processing measure output","[16:37:33.868825 INFO] Finished apply_measure for adjust_thermostat_setpoints_by_degrees in [{\"Measure:adjust_thermostat_setpoints_by_degrees\"=>0.11247587203979492}] s","[16:37:33.870155 INFO] Starting apply_measure for insulation_thickness_walls","[16:37:33.871577 INFO] Creating run directory to /mnt/openstudio/analysis_29e28efb-a5f2-4cc1-a49c-e19e0326883e/data_point_1f5cbbdb-c4a6-4508-9f6f-f1a5560d442b/run/ChangeRValueOfInsulationForConstructionByASpecifiedPercentage","[16:37:33.873003 INFO] Apply measure running in /mnt/openstudio/analysis_29e28efb-a5f2-4cc1-a49c-e19e0326883e/data_point_1f5cbbdb-c4a6-4508-9f6f-f1a5560d442b/run/ChangeRValueOfInsulationForConstructionByASpecifiedPercentage","[16:37:33.874336 INFO] Loading Measure from /mnt/openstudio/analysis_29e28efb-a5f2-4cc1-a49c-e19e0326883e/measures/change_r_value_of_insulation_for_construction_by_a_specified_percentage/measure.rb","[16:37:33.885393 INFO] Iterating over arguments for workflow item 'insulation_thickness_walls'","[16:37:33.887497 INFO] Setting argument value 'construction' to 'EXTERIOR-WALL'","[16:37:33.888887 INFO] Iterating over variables for workflow item 'insulation_thickness_walls'","[16:37:33.890243 INFO] Setting variable 'r_value_prct_inc' to 110.0","[16:37:33.891569 INFO] Calling measure.run for 'insulation_thickness_walls'","[16:37:33.899126 INFO] The Initial R-value of EXTERIOR-WALL is 14.0058 (ft^2*h*R/Btu).","[16:37:33.904524 INFO] For construction'EXTERIOR-WALL', 'Wood-Framed - 4 in. Studs - 16 in. OC - R-11 Cavity Insulation' was altered.","[16:37:33.907664 INFO] The Final R-value of EXTERIOR-WALL is 23.2091 (ft^2*h*R/Btu).","[16:37:33.909134 INFO] Finished measure.run for 'insulation_thickness_walls'","[16:37:33.973577 INFO] Running of measure 'insulation_thickness_walls' completed. Post-processing measure output","[16:37:33.976806 INFO] Finished apply_measure for insulation_thickness_walls in [{\"Measure:insulation_thickness_walls\"=>0.10531067848205566}] s","[16:37:33.978153 INFO] Starting apply_measure for insulation_thickness_roof","[16:37:33.979579 INFO] Creating run directory to /mnt/openstudio/analysis_29e28efb-a5f2-4cc1-a49c-e19e0326883e/data_point_1f5cbbdb-c4a6-4508-9f6f-f1a5560d442b/run/ChangeRValueOfInsulationForConstructionByASpecifiedPercentage","[16:37:33.980972 INFO] Apply measure running in /mnt/openstudio/analysis_29e28efb-a5f2-4cc1-a49c-e19e0326883e/data_point_1f5cbbdb-c4a6-4508-9f6f-f1a5560d442b/run/ChangeRValueOfInsulationForConstructionByASpecifiedPercentage","[16:37:33.982345 INFO] Loading Measure from /mnt/openstudio/analysis_29e28efb-a5f2-4cc1-a49c-e19e0326883e/measures/change_r_value_of_insulation_for_construction_by_a_specified_percentage/measure.rb","[16:37:33.989035 INFO] Iterating over arguments for workflow item 'insulation_thickness_roof'","[16:37:33.990649 INFO] Setting argument value 'construction' to 'EXTERIOR-ROOF'","[16:37:33.991747 INFO] Iterating over variables for workflow item 'insulation_thickness_roof'","[16:37:33.993109 INFO] Setting variable 'r_value_prct_inc' to -20.0","[16:37:33.994501 INFO] Calling measure.run for 'insulation_thickness_roof'","[16:37:34.001742 INFO] The Initial R-value of EXTERIOR-ROOF is 31.2 (ft^2*h*R/Btu).","[16:37:34.006807 INFO] For construction'EXTERIOR-ROOF', 'Mineral Fiber Batt Insulation - 10 in.' was altered.","[16:37:34.009169 INFO] The Final R-value of EXTERIOR-ROOF is 25.4308 (ft^2*h*R/Btu).","[16:37:34.010603 INFO] Finished measure.run for 'insulation_thickness_roof'","[16:37:34.079791 INFO] Running of measure 'insulation_thickness_roof' completed. Post-processing measure output","[16:37:34.082163 INFO] Finished apply_measure for insulation_thickness_roof in [{\"Measure:insulation_thickness_roof\"=>0.10260653495788574}] s","[16:37:34.083595 INFO] Starting apply_measure for change_electric_baseboard","[16:37:34.084968 INFO] Creating run directory to /mnt/openstudio/analysis_29e28efb-a5f2-4cc1-a49c-e19e0326883e/data_point_1f5cbbdb-c4a6-4508-9f6f-f1a5560d442b/run/ChangeElectricBaseboard","[16:37:34.086462 INFO] Apply measure running in /mnt/openstudio/analysis_29e28efb-a5f2-4cc1-a49c-e19e0326883e/data_point_1f5cbbdb-c4a6-4508-9f6f-f1a5560d442b/run/ChangeElectricBaseboard","[16:37:34.087882 INFO] Loading Measure from /mnt/openstudio/analysis_29e28efb-a5f2-4cc1-a49c-e19e0326883e/measures/ChangeElectricBaseboard/measure.rb","[16:37:34.090202 INFO] Iterating over arguments for workflow item 'change_electric_baseboard'","[16:37:34.092777 INFO] Setting argument value 'base_eff' to '1.0'","[16:37:34.093927 INFO] Iterating over variables for workflow item 'change_electric_baseboard'","[16:37:34.095332 INFO] Setting variable 'nom_cap' to 2200.0","[16:37:34.096806 INFO] Calling measure.run for 'change_electric_baseboard'","[16:37:34.099412 INFO] Changing the base_eff to 1 ","[16:37:34.101062 INFO] Changing the nominal capacity to #<OpenStudio::OSOptionalQuantity:0x000000061442d0> ","[16:37:34.102473 INFO] Finished measure.run for 'change_electric_baseboard'","[16:37:34.166768 INFO] Running of measure 'change_electric_baseboard' completed. Post-processing measure output","[16:37:34.169212 INFO] Finished apply_measure for change_electric_baseboard in [{\"Measure:change_electric_baseboard\"=>0.08420753479003906}] s","[16:37:34.170669 INFO] Starting apply_measure for addoutputvariableelectricequipmentelectricpower","[16:37:34.172127 INFO] Creating run directory to /mnt/openstudio/analysis_29e28efb-a5f2-4cc1-a49c-e19e0326883e/data_point_1f5cbbdb-c4a6-4508-9f6f-f1a5560d442b/run/AddOutputVariable","[16:37:34.173939 INFO] Apply measure running in /mnt/openstudio/analysis_29e28efb-a5f2-4cc1-a49c-e19e0326883e/data_point_1f5cbbdb-c4a6-4508-9f6f-f1a5560d442b/run/AddOutputVariable","[16:37:34.175412 INFO] Loading Measure from /mnt/openstudio/analysis_29e28efb-a5f2-4cc1-a49c-e19e0326883e/measures/AddOutputVariable/measure.rb","[16:37:34.178043 INFO] Iterating over arguments for workflow item 'addoutputvariableelectricequipmentelectricpower'","[16:37:34.180333 INFO] Setting argument value 'variable_name' to 'Electric Equipment Electric Power'","[16:37:34.181848 INFO] Setting argument value 'reporting_frequency' to 'daily'","[16:37:34.183339 INFO] Setting argument value 'key_value' to '*'","[16:37:34.184828 INFO] Iterating over variables for workflow item 'addoutputvariableelectricequipmentelectricpower'","[16:37:34.186278 INFO] Calling measure.run for 'addoutputvariableelectricequipmentelectricpower'","[16:37:34.188506 INFO] The model started with 2 output variable objects.","[16:37:34.190957 INFO] Adding output variable for Electric Equipment Electric Power reporting daily.","[16:37:34.192589 INFO] Key value for variable is *.","[16:37:34.194177 INFO] The model finished with 3 output variable objects.","[16:37:34.195732 INFO] Finished measure.run for 'addoutputvariableelectricequipmentelectricpower'","[16:37:34.260106 INFO] Running of measure 'addoutputvariableelectricequipmentelectricpower' completed. Post-processing measure output","[16:37:34.262584 INFO] Finished apply_measure for addoutputvariableelectricequipmentelectricpower in [{\"Measure:addoutputvariableelectricequipmentelectricpower\"=>0.09042930603027344}] s","[16:37:34.264063 INFO] Starting apply_measure for addoutputvariablehvacpower","[16:37:34.265578 INFO] Creating run directory to /mnt/openstudio/analysis_29e28efb-a5f2-4cc1-a49c-e19e0326883e/data_point_1f5cbbdb-c4a6-4508-9f6f-f1a5560d442b/run/AddOutputVariable","[16:37:34.267116 INFO] Apply measure running in /mnt/openstudio/analysis_29e28efb-a5f2-4cc1-a49c-e19e0326883e/data_point_1f5cbbdb-c4a6-4508-9f6f-f1a5560d442b/run/AddOutputVariable","[16:37:34.268560 INFO] Loading Measure from /mnt/openstudio/analysis_29e28efb-a5f2-4cc1-a49c-e19e0326883e/measures/AddOutputVariable/measure.rb","[16:37:34.270375 INFO] Iterating over arguments for workflow item 'addoutputvariablehvacpower'","[16:37:34.272166 INFO] Setting argument value 'variable_name' to 'Facility Total HVAC Electric Demand Power'","[16:37:34.273974 INFO] Setting argument value 'reporting_frequency' to 'daily'","[16:37:34.275784 INFO] Setting argument value 'key_value' to '*'","[16:37:34.277625 INFO] Iterating over variables for workflow item 'addoutputvariablehvacpower'","[16:37:34.280156 INFO] Calling measure.run for 'addoutputvariablehvacpower'","[16:37:34.282400 INFO] The model started with 3 output variable objects.","[16:37:34.285078 INFO] Adding output variable for Facility Total HVAC Electric Demand Power reporting daily.","[16:37:34.286889 INFO] Key value for variable is *.","[16:37:34.288730 INFO] The model finished with 4 output variable objects.","[16:37:34.290470 INFO] Finished measure.run for 'addoutputvariablehvacpower'","[16:37:34.354980 INFO] Running of measure 'addoutputvariablehvacpower' completed. Post-processing measure output","[16:37:34.358006 INFO] Finished apply_measure for addoutputvariablehvacpower in [{\"Measure:addoutputvariablehvacpower\"=>0.09241342544555664}] s","[16:37:34.359896 INFO] Starting apply_measure for addoutputvariabletotalpower","[16:37:34.361701 INFO] Creating run directory to /mnt/openstudio/analysis_29e28efb-a5f2-4cc1-a49c-e19e0326883e/data_point_1f5cbbdb-c4a6-4508-9f6f-f1a5560d442b/run/AddOutputVariable","[16:37:34.363593 INFO] Apply measure running in /mnt/openstudio/analysis_29e28efb-a5f2-4cc1-a49c-e19e0326883e/data_point_1f5cbbdb-c4a6-4508-9f6f-f1a5560d442b/run/AddOutputVariable","[16:37:34.365432 INFO] Loading Measure from /mnt/openstudio/analysis_29e28efb-a5f2-4cc1-a49c-e19e0326883e/measures/AddOutputVariable/measure.rb","[16:37:34.367485 INFO] Iterating over arguments for workflow item 'addoutputvariabletotalpower'","[16:37:34.369400 INFO] Setting argument value 'variable_name' to 'Facility Total Electric Demand Power'","[16:37:34.371243 INFO] Setting argument value 'reporting_frequency' to 'daily'","[16:37:34.373133 INFO] Setting argument value 'key_value' to '*'","[16:37:34.374974 INFO] Iterating over variables for workflow item 'addoutputvariabletotalpower'","[16:37:34.376794 INFO] Calling measure.run for 'addoutputvariabletotalpower'","[16:37:34.379071 INFO] The model started with 4 output variable objects.","[16:37:34.381762 INFO] Adding output variable for Facility Total Electric Demand Power reporting daily.","[16:37:34.383790 INFO] Key value for variable is *.","[16:37:34.385670 INFO] The model finished with 5 output variable objects.","[16:37:34.387513 INFO] Finished measure.run for 'addoutputvariabletotalpower'","[16:37:34.452045 INFO] Running of measure 'addoutputvariabletotalpower' completed. Post-processing measure output","[16:37:34.455735 INFO] Finished apply_measure for addoutputvariabletotalpower in [{\"Measure:addoutputvariabletotalpower\"=>0.09401273727416992}] s","[16:37:34.457606 INFO] Starting apply_measure for addoutputvariablegasenergy","[16:37:34.459505 INFO] Creating run directory to /mnt/openstudio/analysis_29e28efb-a5f2-4cc1-a49c-e19e0326883e/data_point_1f5cbbdb-c4a6-4508-9f6f-f1a5560d442b/run/AddOutputVariable","[16:37:34.461421 INFO] Apply measure running in /mnt/openstudio/analysis_29e28efb-a5f2-4cc1-a49c-e19e0326883e/data_point_1f5cbbdb-c4a6-4508-9f6f-f1a5560d442b/run/AddOutputVariable","[16:37:34.463240 INFO] Loading Measure from /mnt/openstudio/analysis_29e28efb-a5f2-4cc1-a49c-e19e0326883e/measures/AddOutputVariable/measure.rb","[16:37:34.465518 INFO] Iterating over arguments for workflow item 'addoutputvariablegasenergy'","[16:37:34.467375 INFO] Setting argument value 'variable_name' to 'Air System Gas Energy'","[16:37:34.469327 INFO] Setting argument value 'reporting_frequency' to 'daily'","[16:37:34.471237 INFO] Setting argument value 'key_value' to '*'","[16:37:34.473135 INFO] Iterating over variables for workflow item 'addoutputvariablegasenergy'","[16:37:34.474788 INFO] Calling measure.run for 'addoutputvariablegasenergy'","[16:37:34.477297 INFO] The model started with 5 output variable objects.","[16:37:34.480054 INFO] Adding output variable for Air System Gas Energy reporting daily.","[16:37:34.481926 INFO] Key value for variable is *.","[16:37:34.483897 INFO] The model finished with 6 output variable objects.","[16:37:34.485751 INFO] Finished measure.run for 'addoutputvariablegasenergy'","[16:37:34.551252 INFO] Running of measure 'addoutputvariablegasenergy' completed. Post-processing measure output","[16:37:34.555059 INFO] Finished apply_measure for addoutputvariablegasenergy in [{\"Measure:addoutputvariablegasenergy\"=>0.09553790092468262}] s","[16:37:34.556851 INFO] Starting apply_measure for addoutputvariablegasrate","[16:37:34.558739 INFO] Creating run directory to /mnt/openstudio/analysis_29e28efb-a5f2-4cc1-a49c-e19e0326883e/data_point_1f5cbbdb-c4a6-4508-9f6f-f1a5560d442b/run/AddOutputVariable","[16:37:34.560846 INFO] Apply measure running in /mnt/openstudio/analysis_29e28efb-a5f2-4cc1-a49c-e19e0326883e/data_point_1f5cbbdb-c4a6-4508-9f6f-f1a5560d442b/run/AddOutputVariable","[16:37:34.562916 INFO] Loading Measure from /mnt/openstudio/analysis_29e28efb-a5f2-4cc1-a49c-e19e0326883e/measures/AddOutputVariable/measure.rb","[16:37:34.564574 INFO] Iterating over arguments for workflow item 'addoutputvariablegasrate'","[16:37:34.566447 INFO] Setting argument value 'variable_name' to 'Heating Coil Gas Rate'","[16:37:34.568403 INFO] Setting argument value 'reporting_frequency' to 'daily'","[16:37:34.570303 INFO] Setting argument value 'key_value' to '*'","[16:37:34.572268 INFO] Iterating over variables for workflow item 'addoutputvariablegasrate'","[16:37:34.574140 INFO] Calling measure.run for 'addoutputvariablegasrate'","[16:37:34.576887 INFO] The model started with 6 output variable objects.","[16:37:34.579681 INFO] Adding output variable for Heating Coil Gas Rate reporting daily.","[16:37:34.581603 INFO] Key value for variable is *.","[16:37:34.583554 INFO] The model finished with 7 output variable objects.","[16:37:34.585477 INFO] Finished measure.run for 'addoutputvariablegasrate'","[16:37:34.651213 INFO] Running of measure 'addoutputvariablegasrate' completed. Post-processing measure output","[16:37:34.654323 INFO] Finished apply_measure for addoutputvariablegasrate in [{\"Measure:addoutputvariablegasrate\"=>0.09556078910827637}] s","[16:37:34.655879 INFO] Starting apply_measure for addoutputvariablelights","[16:37:34.657787 INFO] Creating run directory to /mnt/openstudio/analysis_29e28efb-a5f2-4cc1-a49c-e19e0326883e/data_point_1f5cbbdb-c4a6-4508-9f6f-f1a5560d442b/run/AddOutputVariable","[16:37:34.660531 INFO] Apply measure running in /mnt/openstudio/analysis_29e28efb-a5f2-4cc1-a49c-e19e0326883e/data_point_1f5cbbdb-c4a6-4508-9f6f-f1a5560d442b/run/AddOutputVariable","[16:37:34.662695 INFO] Loading Measure from /mnt/openstudio/analysis_29e28efb-a5f2-4cc1-a49c-e19e0326883e/measures/AddOutputVariable/measure.rb","[16:37:34.664952 INFO] Iterating over arguments for workflow item 'addoutputvariablelights'","[16:37:34.666872 INFO] Setting argument value 'variable_name' to 'Lights Electric Power'","[16:37:34.668852 INFO] Setting argument value 'reporting_frequency' to 'daily'","[16:37:34.670762 INFO] Setting argument value 'key_value' to '*'","[16:37:34.672741 INFO] Iterating over variables for workflow item 'addoutputvariablelights'","[16:37:34.674636 INFO] Calling measure.run for 'addoutputvariablelights'","[16:37:34.677058 INFO] The model started with 7 output variable objects.","[16:37:34.679826 INFO] Adding output variable for Lights Electric Power reporting daily.","[16:37:34.681749 INFO] Key value for variable is *.","[16:37:34.683716 INFO] The model finished with 8 output variable objects.","[16:37:34.685639 INFO] Finished measure.run for 'addoutputvariablelights'","[16:37:34.750280 INFO] Running of measure 'addoutputvariablelights' completed. Post-processing measure output","[16:37:34.753467 INFO] Finished apply_measure for addoutputvariablelights in [{\"Measure:addoutputvariablelights\"=>0.0956575870513916}] s","[16:37:34.755409 INFO] Finished applying OpenStudio measures.","[16:37:34.757161 INFO] Translate object to EnergyPlus IDF in Prep for EnergyPlus Measure","[16:37:35.099117 INFO] Translate object to EnergyPlus IDF took 0.3399829864501953","[16:37:35.102107 INFO] Applying measures for EnergyPlusMeasure","[16:37:35.104139 INFO] Finished applying EnergyPlus measures.","[16:37:35.106223 INFO] Saving measure output attributes JSON","[16:37:37.190388 INFO] Current state: 'openstudio'","[16:37:37.197433 INFO] Next state will be: 'energyplus'","[16:37:37.200035 INFO] Running run_energyplus","[16:37:37.204487 INFO] Getting method for state transition 'run_energyplus'","[16:37:37.208534 INFO] RunEnergyplus passed the following options {:energyplus_path=>\"/usr/local/share/openstudio-1.10.1/EnergyPlus-8-4-0\", :transitions=>[{:from=>:queued, :to=>:preflight}, {:from=>:preflight, :to=>:openstudio}, {:from=>:openstudio, :to=>:energyplus}, {:from=>:energyplus, :to=>:reporting_measures}, {:from=>:reporting_measures, :to=>:postprocess}, {:from=>:postprocess, :to=>:finished}], :states=>[{:state=>:queued, :options=>{:initial=>true}}, {:state=>:preflight, :options=>{:after_enter=>:run_preflight}}, {:state=>:openstudio, :options=>{:after_enter=>:run_openstudio}}, {:state=>:energyplus, :options=>{:after_enter=>:run_energyplus}}, {:state=>:reporting_measures, :options=>{:after_enter=>:run_reporting_measures}}, {:state=>:postprocess, :options=>{:after_enter=>:run_postprocess}}, {:state=>:finished}, {:state=>:errored}], :jobs=>{}, :adapter_options=>{:mongoid_path=>\"/mnt/openstudio/rails-models\", :rails_env=>:development}, :datapoint_id=>\"1f5cbbdb-c4a6-4508-9f6f-f1a5560d442b\", :analysis_root_path=>\"/mnt/openstudio/analysis_29e28efb-a5f2-4cc1-a49c-e19e0326883e\", :run_preflight=>{}, :run_openstudio=>{:weather_filename=>\"/mnt/openstudio/analysis_29e28efb-a5f2-4cc1-a49c-e19e0326883e/weather/SRRL_2013AMY_60min.epw\", :osm=>\"/mnt/openstudio/analysis_29e28efb-a5f2-4cc1-a49c-e19e0326883e/data_point_1f5cbbdb-c4a6-4508-9f6f-f1a5560d442b/run/in.osm\", :idf=>\"/mnt/openstudio/analysis_29e28efb-a5f2-4cc1-a49c-e19e0326883e/data_point_1f5cbbdb-c4a6-4508-9f6f-f1a5560d442b/run/in.idf\"}}","[16:37:37.210791 INFO] Calling perform in the RunEnergyplus class","[16:37:37.213822 INFO] Current directory is /mnt/openstudio/analysis_29e28efb-a5f2-4cc1-a49c-e19e0326883e/data_point_1f5cbbdb-c4a6-4508-9f6f-f1a5560d442b","[16:37:37.216193 INFO] Weather file for EnergyPlus simulation is /mnt/openstudio/analysis_29e28efb-a5f2-4cc1-a49c-e19e0326883e/weather/SRRL_2013AMY_60min.epw","[16:37:37.230171 INFO] IDF (in.idf) already exists in the run directory","[16:37:37.232955 INFO] Copying EnergyPlus files to run directory: /mnt/openstudio/analysis_29e28efb-a5f2-4cc1-a49c-e19e0326883e/data_point_1f5cbbdb-c4a6-4508-9f6f-f1a5560d442b/run","[16:37:37.452087 INFO] Running EnergyPlus Preprocess","[16:37:37.562796 INFO] Finished EnergyPlus Preprocess","[16:37:37.566434 INFO] Starting simulation in run directory: /mnt/openstudio/analysis_29e28efb-a5f2-4cc1-a49c-e19e0326883e/data_point_1f5cbbdb-c4a6-4508-9f6f-f1a5560d442b/run","[16:37:46.763762 INFO] EnergyPlus returned 'pid 18966 exit 0'","[16:37:46.781642 INFO] EnergyPlus finished with 197 warnings and 0 severe errors","[16:37:46.784079 INFO] Ensuring 'clean' directory","[16:37:46.786365 INFO] Removing any copied EnergyPlus files","[16:37:46.808550 INFO] EnergyPlus Completed","[16:37:48.811260 INFO] Current state: 'energyplus'","[16:37:48.924798 INFO] Next state will be: 'reporting_measures'","[16:37:48.927562 INFO] Running run_reporting_measures","[16:37:48.941808 INFO] Getting method for state transition 'run_reporting_measures'","[16:37:49.073690 INFO] RunReportingMeasures passed the following options {:transitions=>[{:from=>:queued, :to=>:preflight}, {:from=>:preflight, :to=>:openstudio}, {:from=>:openstudio, :to=>:energyplus}, {:from=>:energyplus, :to=>:reporting_measures}, {:from=>:reporting_measures, :to=>:postprocess}, {:from=>:postprocess, :to=>:finished}], :states=>[{:state=>:queued, :options=>{:initial=>true}}, {:state=>:preflight, :options=>{:after_enter=>:run_preflight}}, {:state=>:openstudio, :options=>{:after_enter=>:run_openstudio}}, {:state=>:energyplus, :options=>{:after_enter=>:run_energyplus}}, {:state=>:reporting_measures, :options=>{:after_enter=>:run_reporting_measures}}, {:state=>:postprocess, :options=>{:after_enter=>:run_postprocess}}, {:state=>:finished}, {:state=>:errored}], :jobs=>{}, :adapter_options=>{:mongoid_path=>\"/mnt/openstudio/rails-models\", :rails_env=>:development}, :datapoint_id=>\"1f5cbbdb-c4a6-4508-9f6f-f1a5560d442b\", :analysis_root_path=>\"/mnt/openstudio/analysis_29e28efb-a5f2-4cc1-a49c-e19e0326883e\", :run_preflight=>{}, :run_openstudio=>{:weather_filename=>\"/mnt/openstudio/analysis_29e28efb-a5f2-4cc1-a49c-e19e0326883e/weather/SRRL_2013AMY_60min.epw\", :osm=>\"/mnt/openstudio/analysis_29e28efb-a5f2-4cc1-a49c-e19e0326883e/data_point_1f5cbbdb-c4a6-4508-9f6f-f1a5560d442b/run/in.osm\", :idf=>\"/mnt/openstudio/analysis_29e28efb-a5f2-4cc1-a49c-e19e0326883e/data_point_1f5cbbdb-c4a6-4508-9f6f-f1a5560d442b/run/in.idf\"}, :run_energyplus=>{}}","[16:37:49.076281 INFO] Loading model","[16:37:49.078418 INFO] Reading in model /mnt/openstudio/analysis_29e28efb-a5f2-4cc1-a49c-e19e0326883e/data_point_1f5cbbdb-c4a6-4508-9f6f-f1a5560d442b/run/in.osm","[16:37:49.331350 INFO] Calling perform in the RunReportingMeasures class","[16:37:49.333558 INFO] RunPostProcess Retrieving datapoint and problem"],"name":"Single Run Autogenerated","analysis_id":"29e28efb-a5f2-4cc1-a49c-e19e0326883e","updated_at":"2016-07-27T16:37:49Z","created_at":"2016-07-27T16:36:58Z","uuid":"1f5cbbdb-c4a6-4508-9f6f-f1a5560d442b","run_start_time":"2016-07-27T16:37:28Z","ip_address":"192.168.33.10","internal_ip_address":"192.168.33.10"}}