{"data_point":{"_id":"8d052ebe-9280-49ee-9d10-5bcc4a38d6b4","set_variable_values":{"be616040-8134-4e30-a54f-f96dba432248":1.0,"22837480-403c-4104-8515-3416e53e00b5":2.0,"3d4137e2-0eab-42d5-9ce5-b8074fdf21a0":2200.0,"b6bccf05-9d4d-4a58-bdea-fcea850f6c86":20.0,"ed730e2d-0d55-4fb1-9725-ac827feade29":10.0,"9ec8ef69-6176-4bf0-acef-4e994de8bc39":-9.0,"97a6cfec-0fd0-448b-8702-6109f569ed89":8.0,"eb8a1497-01d2-4b4e-a29b-cf4b96ebe4fa":-20.0,"78014f22-7cdf-467e-8416-1b67b922ede8":110.0,"8955817d-1068-4a39-a138-e282c1ea3cf8":25.0,"24561ed4-5a64-47d2-929c-e2ee6ae9ab44":3.3,"dff2e0a0-c46c-4a2c-9b7a-9d46e08717a3":0.82},"download_status":"na","status":"started","status_message":"","results":{},"sdp_log_file":["[19:40:14.928468 INFO] Initializing directory /mnt/openstudio/analysis_75c4f2b4-0603-45b1-91bb-ad41d8294bdd/data_point_8d052ebe-9280-49ee-9d10-5bcc4a38d6b4 for simulation with options {:transitions=>[{:from=>:queued, :to=>:preflight}, {:from=>:preflight, :to=>:openstudio}, {:from=>:openstudio, :to=>:energyplus}, {:from=>:energyplus, :to=>:reporting_measures}, {:from=>:reporting_measures, :to=>:postprocess}, {:from=>:postprocess, :to=>:finished}], :states=>[{:state=>:queued, :options=>{:initial=>true}}, {:state=>:preflight, :options=>{:after_enter=>:run_preflight}}, {:state=>:openstudio, :options=>{:after_enter=>:run_openstudio}}, {:state=>:energyplus, :options=>{:after_enter=>:run_energyplus}}, {:state=>:reporting_measures, :options=>{:after_enter=>:run_reporting_measures}}, {:state=>:postprocess, :options=>{:after_enter=>:run_postprocess}}, {:state=>:finished}, {:state=>:errored}], :jobs=>{}, :adapter_options=>{:mongoid_path=>\"/mnt/openstudio/rails-models\", :rails_env=>:development}, :datapoint_id=>\"8d052ebe-9280-49ee-9d10-5bcc4a38d6b4\", :analysis_root_path=>\"/mnt/openstudio/analysis_75c4f2b4-0603-45b1-91bb-ad41d8294bdd\"}","[19:40:14.931301 INFO] Initializing state machine","[19:40:14.932413 INFO] Starting workflow in /mnt/openstudio/analysis_75c4f2b4-0603-45b1-91bb-ad41d8294bdd/data_point_8d052ebe-9280-49ee-9d10-5bcc4a38d6b4","[19:40:16.933531 INFO] Current state: 'queued'","[19:40:16.935852 INFO] Next state will be: 'preflight'","[19:40:16.937807 INFO] Running run_preflight","[19:40:16.939442 INFO] Getting method for state transition 'run_preflight'","[19:40:16.940910 INFO] Calling perform in the RunPreflight class","[19:40:18.945898 INFO] Current state: 'preflight'","[19:40:18.948441 INFO] Next state will be: 'openstudio'","[19:40:18.949424 INFO] Running run_openstudio","[19:40:18.951655 INFO] Getting method for state transition 'run_openstudio'","[19:40:18.953217 INFO] RunOpenstudio passed the following options {:format=>\"hash\", :analysis_root_path=>\"/mnt/openstudio/analysis_75c4f2b4-0603-45b1-91bb-ad41d8294bdd\", :transitions=>[{:from=>:queued, :to=>:preflight}, {:from=>:preflight, :to=>:openstudio}, {:from=>:openstudio, :to=>:energyplus}, {:from=>:energyplus, :to=>:reporting_measures}, {:from=>:reporting_measures, :to=>:postprocess}, {:from=>:postprocess, :to=>:finished}], :states=>[{:state=>:queued, :options=>{:initial=>true}}, {:state=>:preflight, :options=>{:after_enter=>:run_preflight}}, {:state=>:openstudio, :options=>{:after_enter=>:run_openstudio}}, {:state=>:energyplus, :options=>{:after_enter=>:run_energyplus}}, {:state=>:reporting_measures, :options=>{:after_enter=>:run_reporting_measures}}, {:state=>:postprocess, :options=>{:after_enter=>:run_postprocess}}, {:state=>:finished}, {:state=>:errored}], :jobs=>{}, :adapter_options=>{:mongoid_path=>\"/mnt/openstudio/rails-models\", :rails_env=>:development}, :datapoint_id=>\"8d052ebe-9280-49ee-9d10-5bcc4a38d6b4\", :run_preflight=>{}}","[19:40:18.954158 INFO] Calling perform in the RunOpenstudio class","[19:40:18.955553 INFO] Current directory is /mnt/openstudio/analysis_75c4f2b4-0603-45b1-91bb-ad41d8294bdd/data_point_8d052ebe-9280-49ee-9d10-5bcc4a38d6b4","[19:40:18.956416 INFO] Retrieving datapoint and problem","[19:40:19.092020 INFO] Loading seed model","[19:40:19.094535 INFO] Seed model is {:file_type=>\"OSM\", :path=>\"./seed/SEB4_baseboard.osm\"}","[19:40:19.095426 INFO] Reading in baseline model /mnt/openstudio/analysis_75c4f2b4-0603-45b1-91bb-ad41d8294bdd/seed/SEB4_baseboard.osm","[19:40:21.362521 INFO] Applying measures for RubyMeasure","[19:40:21.364634 INFO] Starting apply_measure for addmonthlyjsonutilitydataelectric","[19:40:21.365635 INFO] Creating run directory to /mnt/openstudio/analysis_75c4f2b4-0603-45b1-91bb-ad41d8294bdd/data_point_8d052ebe-9280-49ee-9d10-5bcc4a38d6b4/run/AddMonthlyJSONUtilityData","[19:40:21.366714 INFO] Apply measure running in /mnt/openstudio/analysis_75c4f2b4-0603-45b1-91bb-ad41d8294bdd/data_point_8d052ebe-9280-49ee-9d10-5bcc4a38d6b4/run/AddMonthlyJSONUtilityData","[19:40:21.367747 INFO] Loading Measure from /mnt/openstudio/analysis_75c4f2b4-0603-45b1-91bb-ad41d8294bdd/measures/AddMonthlyJSONUtilityData/measure.rb","[19:40:21.372812 INFO] Iterating over arguments for workflow item 'addmonthlyjsonutilitydataelectric'","[19:40:21.374483 INFO] Setting argument value 'json' to '../../../lib/calibration_data/electric.json'","[19:40:21.375544 INFO] Setting argument value 'variable_name' to 'Electric Bill'","[19:40:21.376484 INFO] Setting argument value 'fuel_type' to 'Electricity'","[19:40:21.377407 INFO] Setting argument value 'consumption_unit' to 'kWh'","[19:40:21.378361 INFO] Setting argument value 'data_key_name' to 'tot_kwh'","[19:40:21.379315 INFO] Setting argument value 'start_date' to '2013-01-1'","[19:40:21.380293 INFO] Setting argument value 'end_date' to '2013-12-31'","[19:40:21.381266 INFO] Setting argument value 'remove_existing_data' to 'true'","[19:40:21.382256 INFO] Setting argument value 'set_runperiod' to 'true'","[19:40:21.383221 INFO] Iterating over variables for workflow item 'addmonthlyjsonutilitydataelectric'","[19:40:21.384039 INFO] Calling measure.run for 'addmonthlyjsonutilitydataelectric'","[19:40:21.389513 INFO] RunPeriod start date set to 2013-Jan-01","[19:40:21.390700 INFO] RunPeriod end date set to 2013-Dec-31","[19:40:21.392044 INFO] json is ../../../lib/calibration_data/electric.json","[19:40:21.393109 INFO] json_path is /mnt/openstudio/analysis_75c4f2b4-0603-45b1-91bb-ad41d8294bdd/lib/calibration_data/electric.json","[19:40:21.394074 INFO] fuel_type is Electricity","[19:40:21.396334 INFO] skipping period 2012-Jan-01 to 2012-Jan-30","[19:40:21.397294 INFO] skipping period 2012-Feb-01 to 2012-Feb-28","[19:40:21.398254 INFO] skipping period 2012-Mar-01 to 2012-Mar-31","[19:40:21.399209 INFO] skipping period 2012-Apr-01 to 2012-Apr-30","[19:40:21.400196 INFO] skipping period 2012-May-01 to 2012-May-31","[19:40:21.401144 INFO] skipping period 2012-Jun-01 to 2012-Jun-30","[19:40:21.402097 INFO] skipping period 2012-Jul-01 to 2012-Jul-31","[19:40:21.403024 INFO] skipping period 2012-Aug-01 to 2012-Aug-31","[19:40:21.404025 INFO] skipping period 2012-Sep-01 to 2012-Sep-30","[19:40:21.404985 INFO] skipping period 2012-Oct-01 to 2012-Oct-31","[19:40:21.405941 INFO] skipping period 2012-Nov-01 to 2012-Nov-30","[19:40:21.406919 INFO] skipping period 2012-Dec-01 to 2012-Dec-31","[19:40:21.407855 INFO] period {\"from\"=>\"2013-01-01T00:00:00Z\", \"to\"=>\"2013-01-30T23:59:59Z\", \"tot_kwh\"=>1562}","[19:40:21.408687 INFO] period_start_date: 2013-Jan-01, period_end_date: 2013-Jan-30, tot_kwh: 1562.0","[19:40:21.410164 INFO] period {\"from\"=>\"2013-02-01T00:00:00Z\", \"to\"=>\"2013-02-28T23:59:59Z\", \"tot_kwh\"=>1395}","[19:40:21.410971 INFO] period_start_date: 2013-Feb-01, period_end_date: 2013-Feb-28, tot_kwh: 1395.0","[19:40:21.412104 INFO] period {\"from\"=>\"2013-03-01T00:00:00Z\", \"to\"=>\"2013-03-31T23:59:59Z\", \"tot_kwh\"=>1279}","[19:40:21.412885 INFO] period_start_date: 2013-Mar-01, period_end_date: 2013-Mar-31, tot_kwh: 1279.0","[19:40:21.413903 INFO] period {\"from\"=>\"2013-04-01T00:00:00Z\", \"to\"=>\"2013-04-30T23:59:59Z\", \"tot_kwh\"=>1347}","[19:40:21.414733 INFO] period_start_date: 2013-Apr-01, period_end_date: 2013-Apr-30, tot_kwh: 1347.0","[19:40:21.415816 INFO] period {\"from\"=>\"2013-05-01T00:00:00Z\", \"to\"=>\"2013-05-31T23:59:59Z\", \"tot_kwh\"=>1363}","[19:40:21.416637 INFO] period_start_date: 2013-May-01, period_end_date: 2013-May-31, tot_kwh: 1363.0","[19:40:21.417641 INFO] period {\"from\"=>\"2013-06-01T00:00:00Z\", \"to\"=>\"2013-06-30T23:59:59Z\", \"tot_kwh\"=>1691}","[19:40:21.418494 INFO] period_start_date: 2013-Jun-01, period_end_date: 2013-Jun-30, tot_kwh: 1691.0","[19:40:21.419599 INFO] period {\"from\"=>\"2013-07-01T00:00:00Z\", \"to\"=>\"2013-07-31T23:59:59Z\", \"tot_kwh\"=>1852}","[19:40:21.420652 INFO] period_start_date: 2013-Jul-01, period_end_date: 2013-Jul-31, tot_kwh: 1852.0","[19:40:21.421682 INFO] period {\"from\"=>\"2013-08-01T00:00:00Z\", \"to\"=>\"2013-08-31T23:59:59Z\", \"tot_kwh\"=>1983}","[19:40:21.422534 INFO] period_start_date: 2013-Aug-01, period_end_date: 2013-Aug-31, tot_kwh: 1983.0","[19:40:21.423616 INFO] period {\"from\"=>\"2013-09-01T00:00:00Z\", \"to\"=>\"2013-09-30T23:59:59Z\", \"tot_kwh\"=>1650}","[19:40:21.424465 INFO] period_start_date: 2013-Sep-01, period_end_date: 2013-Sep-30, tot_kwh: 1650.0","[19:40:21.425553 INFO] period {\"from\"=>\"2013-10-01T00:00:00Z\", \"to\"=>\"2013-10-31T23:59:59Z\", \"tot_kwh\"=>1385}","[19:40:21.426401 INFO] period_start_date: 2013-Oct-01, period_end_date: 2013-Oct-31, tot_kwh: 1385.0","[19:40:21.427430 INFO] period {\"from\"=>\"2013-11-01T00:00:00Z\", \"to\"=>\"2013-11-30T23:59:59Z\", \"tot_kwh\"=>1347}","[19:40:21.428332 INFO] period_start_date: 2013-Nov-01, period_end_date: 2013-Nov-30, tot_kwh: 1347.0","[19:40:21.429325 INFO] period {\"from\"=>\"2013-12-01T00:00:00Z\", \"to\"=>\"2013-12-31T23:59:59Z\", \"tot_kwh\"=>1524}","[19:40:21.430179 INFO] period_start_date: 2013-Dec-01, period_end_date: 2013-Dec-31, tot_kwh: 1524.0","[19:40:21.431168 INFO] Utility bill data has been added to the model.","[19:40:21.432847 INFO] Finished measure.run for 'addmonthlyjsonutilitydataelectric'","[19:40:21.509481 INFO] Running of measure 'addmonthlyjsonutilitydataelectric' completed. Post-processing measure output","[19:40:21.513523 INFO] Finished apply_measure for addmonthlyjsonutilitydataelectric in [{\"Measure:addmonthlyjsonutilitydataelectric\"=>0.14787673950195312}] s","[19:40:21.514404 INFO] Starting apply_measure for addmonthlyjsonutilitydatagas","[19:40:21.515289 INFO] Creating run directory to /mnt/openstudio/analysis_75c4f2b4-0603-45b1-91bb-ad41d8294bdd/data_point_8d052ebe-9280-49ee-9d10-5bcc4a38d6b4/run/AddMonthlyJSONUtilityData","[19:40:21.516272 INFO] Apply measure running in /mnt/openstudio/analysis_75c4f2b4-0603-45b1-91bb-ad41d8294bdd/data_point_8d052ebe-9280-49ee-9d10-5bcc4a38d6b4/run/AddMonthlyJSONUtilityData","[19:40:21.517919 INFO] Loading Measure from /mnt/openstudio/analysis_75c4f2b4-0603-45b1-91bb-ad41d8294bdd/measures/AddMonthlyJSONUtilityData/measure.rb","[19:40:21.519372 INFO] Iterating over arguments for workflow item 'addmonthlyjsonutilitydatagas'","[19:40:21.520239 INFO] Setting argument value 'json' to '../../../lib/calibration_data/gas.json'","[19:40:21.521115 INFO] Setting argument value 'variable_name' to 'Gas Bill'","[19:40:21.521979 INFO] Setting argument value 'fuel_type' to 'Gas'","[19:40:21.522852 INFO] Setting argument value 'consumption_unit' to 'therms'","[19:40:21.523748 INFO] Setting argument value 'data_key_name' to 'tot_therms'","[19:40:21.524627 INFO] Setting argument value 'start_date' to '2013-01-1'","[19:40:21.525475 INFO] Setting argument value 'end_date' to '2013-12-31'","[19:40:21.526375 INFO] Setting argument value 'remove_existing_data' to 'false'","[19:40:21.527278 INFO] Iterating over variables for workflow item 'addmonthlyjsonutilitydatagas'","[19:40:21.528176 INFO] Calling measure.run for 'addmonthlyjsonutilitydatagas'","[19:40:21.530370 INFO] json is ../../../lib/calibration_data/gas.json","[19:40:21.531285 INFO] json_path is /mnt/openstudio/analysis_75c4f2b4-0603-45b1-91bb-ad41d8294bdd/lib/calibration_data/gas.json","[19:40:21.532392 INFO] fuel_type is Gas","[19:40:21.534435 INFO] skipping period 2011-Dec-16 to 2012-Jan-18","[19:40:21.535668 INFO] skipping period 2012-Jan-19 to 2012-Feb-16","[19:40:21.536773 INFO] skipping period 2012-Feb-17 to 2012-Mar-18","[19:40:21.537869 INFO] skipping period 2012-Mar-19 to 2012-Apr-17","[19:40:21.538968 INFO] skipping period 2012-Apr-18 to 2012-May-16","[19:40:21.540124 INFO] skipping period 2012-May-17 to 2012-Jun-17","[19:40:21.541223 INFO] skipping period 2012-Jun-18 to 2012-Jul-17","[19:40:21.542346 INFO] skipping period 2012-Jul-18 to 2012-Aug-15","[19:40:21.543442 INFO] skipping period 2012-Aug-16 to 2012-Sep-16","[19:40:21.544606 INFO] skipping period 2012-Sep-17 to 2012-Oct-15","[19:40:21.545731 INFO] skipping period 2012-Oct-16 to 2012-Nov-13","[19:40:21.546845 INFO] skipping period 2012-Nov-14 to 2012-Dec-16","[19:40:21.547980 INFO] skipping period 2012-Dec-17 to 2013-Jan-17","[19:40:21.549019 INFO] period {\"from\"=>\"2013-01-18T00:00:00Z\", \"to\"=>\"2013-02-18T23:59:59Z\", \"tot_therms\"=>52}","[19:40:21.549957 INFO] period_start_date: 2013-Jan-18, period_end_date: 2013-Feb-18, tot_therms: 52.0","[19:40:21.551173 INFO] period {\"from\"=>\"2013-02-19T00:00:00Z\", \"to\"=>\"2013-03-18T23:59:59Z\", \"tot_therms\"=>54}","[19:40:21.552178 INFO] period_start_date: 2013-Feb-19, period_end_date: 2013-Mar-18, tot_therms: 54.0","[19:40:21.553364 INFO] period {\"from\"=>\"2013-03-19T00:00:00Z\", \"to\"=>\"2013-04-17T23:59:59Z\", \"tot_therms\"=>41}","[19:40:21.554347 INFO] period_start_date: 2013-Mar-19, period_end_date: 2013-Apr-17, tot_therms: 41.0","[19:40:21.555585 INFO] period {\"from\"=>\"2013-04-18T00:00:00Z\", \"to\"=>\"2013-05-16T23:59:59Z\", \"tot_therms\"=>14}","[19:40:21.556564 INFO] period_start_date: 2013-Apr-18, period_end_date: 2013-May-16, tot_therms: 14.0","[19:40:21.557762 INFO] period {\"from\"=>\"2013-05-17T00:00:00Z\", \"to\"=>\"2013-06-17T23:59:59Z\", \"tot_therms\"=>1}","[19:40:21.558754 INFO] period_start_date: 2013-May-17, period_end_date: 2013-Jun-17, tot_therms: 1.0","[19:40:21.559845 INFO] period {\"from\"=>\"2013-06-18T00:00:00Z\", \"to\"=>\"2013-07-17T23:59:59Z\", \"tot_therms\"=>0}","[19:40:21.560837 INFO] period_start_date: 2013-Jun-18, period_end_date: 2013-Jul-17, tot_therms: 0.0","[19:40:21.562006 INFO] period {\"from\"=>\"2013-07-18T00:00:00Z\", \"to\"=>\"2013-08-18T23:59:59Z\", \"tot_therms\"=>0}","[19:40:21.563012 INFO] period_start_date: 2013-Jul-18, period_end_date: 2013-Aug-18, tot_therms: 0.0","[19:40:21.564319 INFO] period {\"from\"=>\"2013-08-19T00:00:00Z\", \"to\"=>\"2013-09-16T23:59:59Z\", \"tot_therms\"=>0}","[19:40:21.565325 INFO] period_start_date: 2013-Aug-19, period_end_date: 2013-Sep-16, tot_therms: 0.0","[19:40:21.566524 INFO] period {\"from\"=>\"2013-09-17T00:00:00Z\", \"to\"=>\"2013-10-15T23:59:59Z\", \"tot_therms\"=>1}","[19:40:21.567632 INFO] period_start_date: 2013-Sep-17, period_end_date: 2013-Oct-15, tot_therms: 1.0","[19:40:21.568864 INFO] period {\"from\"=>\"2013-10-16T00:00:00Z\", \"to\"=>\"2013-11-13T23:59:59Z\", \"tot_therms\"=>19}","[19:40:21.569875 INFO] period_start_date: 2013-Oct-16, period_end_date: 2013-Nov-13, tot_therms: 19.0","[19:40:21.571099 INFO] period {\"from\"=>\"2013-11-14T00:00:00Z\", \"to\"=>\"2013-12-17T23:59:59Z\", \"tot_therms\"=>51}","[19:40:21.572176 INFO] period_start_date: 2013-Nov-14, period_end_date: 2013-Dec-17, tot_therms: 51.0","[19:40:21.573477 INFO] skipping period 2013-Dec-18 to 2014-Jan-19","[19:40:21.574479 INFO] Utility bill data has been added to the model.","[19:40:21.575508 INFO] Finished measure.run for 'addmonthlyjsonutilitydatagas'","[19:40:21.644702 INFO] Running of measure 'addmonthlyjsonutilitydatagas' completed. Post-processing measure output","[19:40:21.647063 INFO] Finished apply_measure for addmonthlyjsonutilitydatagas in [{\"Measure:addmonthlyjsonutilitydatagas\"=>0.1317601203918457}] s","[19:40:21.648056 INFO] Starting apply_measure for reducespaceinfiltrationbypercentage","[19:40:21.649096 INFO] Creating run directory to /mnt/openstudio/analysis_75c4f2b4-0603-45b1-91bb-ad41d8294bdd/data_point_8d052ebe-9280-49ee-9d10-5bcc4a38d6b4/run/ReduceSpaceInfiltrationByPercentage","[19:40:21.650211 INFO] Apply measure running in /mnt/openstudio/analysis_75c4f2b4-0603-45b1-91bb-ad41d8294bdd/data_point_8d052ebe-9280-49ee-9d10-5bcc4a38d6b4/run/ReduceSpaceInfiltrationByPercentage","[19:40:21.651250 INFO] Loading Measure from /mnt/openstudio/analysis_75c4f2b4-0603-45b1-91bb-ad41d8294bdd/measures/ReduceSpaceInfiltrationByPercentage/measure.rb","[19:40:21.656353 INFO] Iterating over arguments for workflow item 'reducespaceinfiltrationbypercentage'","[19:40:21.658063 INFO] Setting argument value 'space_type' to '*Entire Building*'","[19:40:21.659157 INFO] Setting argument value 'constant_coefficient' to '1.0'","[19:40:21.660193 INFO] Setting argument value 'temperature_coefficient' to '0.0'","[19:40:21.661241 INFO] Setting argument value 'wind_speed_coefficient' to '0.0'","[19:40:21.662284 INFO] Setting argument value 'wind_speed_squared_coefficient' to '0.0'","[19:40:21.663332 INFO] Iterating over variables for workflow item 'reducespaceinfiltrationbypercentage'","[19:40:21.664674 INFO] Setting variable 'space_infiltration_reduction_percent' to 25.0","[19:40:21.665729 INFO] Calling measure.run for 'reducespaceinfiltrationbypercentage'","[19:40:21.669224 INFO] The initial model contained 5 space infiltration objects.","[19:40:21.675427 INFO] Cost arguments were not provided, no cost objects were added to the model.","[19:40:21.676974 INFO] 5 space infiltration objects in the model were altered affecting 885(ft^2) at a total cost of $0.","[19:40:21.678120 INFO] Finished measure.run for 'reducespaceinfiltrationbypercentage'","[19:40:21.743583 INFO] Running of measure 'reducespaceinfiltrationbypercentage' completed. Post-processing measure output","[19:40:21.746022 INFO] Finished apply_measure for reducespaceinfiltrationbypercentage in [{\"Measure:reducespaceinfiltrationbypercentage\"=>0.09688854217529297}] s","[19:40:21.747141 INFO] Starting apply_measure for change_lighting_loads_by_percentage","[19:40:21.748170 INFO] Creating run directory to /mnt/openstudio/analysis_75c4f2b4-0603-45b1-91bb-ad41d8294bdd/data_point_8d052ebe-9280-49ee-9d10-5bcc4a38d6b4/run/ChangeLightingLoadsByPercentage","[19:40:21.749464 INFO] Apply measure running in /mnt/openstudio/analysis_75c4f2b4-0603-45b1-91bb-ad41d8294bdd/data_point_8d052ebe-9280-49ee-9d10-5bcc4a38d6b4/run/ChangeLightingLoadsByPercentage","[19:40:21.750575 INFO] Loading Measure from /mnt/openstudio/analysis_75c4f2b4-0603-45b1-91bb-ad41d8294bdd/measures/ChangeLightingLoadsByPercentage/measure.rb","[19:40:21.755149 INFO] Iterating over arguments for workflow item 'change_lighting_loads_by_percentage'","[19:40:21.756981 INFO] Setting argument value 'space_type' to '*Entire Building*'","[19:40:21.758148 INFO] Iterating over variables for workflow item 'change_lighting_loads_by_percentage'","[19:40:21.759242 INFO] Setting variable 'lighting_power_change_percent' to 10.0","[19:40:21.760404 INFO] Calling measure.run for 'change_lighting_loads_by_percentage'","[19:40:21.770602 INFO] The model's initial building lighting power was  1,450 watts, a lighting power density of 1.64 w/ft^2.","[19:40:21.782798 INFO] The model's final building lighting power was  1,595 watts, a lighting power density of 1.80 w/ft^2. Initial capital costs associated with the improvements are $0.","[19:40:21.785149 INFO] Finished measure.run for 'change_lighting_loads_by_percentage'","[19:40:21.850139 INFO] Running of measure 'change_lighting_loads_by_percentage' completed. Post-processing measure output","[19:40:21.852915 INFO] Finished apply_measure for change_lighting_loads_by_percentage in [{\"Measure:change_lighting_loads_by_percentage\"=>0.10470342636108398}] s","[19:40:21.854173 INFO] Starting apply_measure for change_electric_equipment_loads_by_percentage","[19:40:21.855251 INFO] Creating run directory to /mnt/openstudio/analysis_75c4f2b4-0603-45b1-91bb-ad41d8294bdd/data_point_8d052ebe-9280-49ee-9d10-5bcc4a38d6b4/run/ChangeElectricEquipmentLoadsByPercentage","[19:40:21.856633 INFO] Apply measure running in /mnt/openstudio/analysis_75c4f2b4-0603-45b1-91bb-ad41d8294bdd/data_point_8d052ebe-9280-49ee-9d10-5bcc4a38d6b4/run/ChangeElectricEquipmentLoadsByPercentage","[19:40:21.857780 INFO] Loading Measure from /mnt/openstudio/analysis_75c4f2b4-0603-45b1-91bb-ad41d8294bdd/measures/ChangeElectricEquipmentLoadsByPercentage/measure.rb","[19:40:21.862123 INFO] Iterating over arguments for workflow item 'change_electric_equipment_loads_by_percentage'","[19:40:21.863976 INFO] Setting argument value 'space_type' to '*Entire Building*'","[19:40:21.865157 INFO] Iterating over variables for workflow item 'change_electric_equipment_loads_by_percentage'","[19:40:21.866268 INFO] Setting variable 'elecequip_power_change_percent' to 20.0","[19:40:21.867408 INFO] Calling measure.run for 'change_electric_equipment_loads_by_percentage'","[19:40:21.874096 INFO] The model's initial building electric equipment power was  2,485 watts, an electric equipment power density of 2.81 w/ft^2.","[19:40:21.893189 INFO] The model's final building electric equipment power was  2,982 watts, an electric equipment power density of 3.37 w/ft^2. Initial capital costs associated with the improvements are $0.","[19:40:21.894965 INFO] Finished measure.run for 'change_electric_equipment_loads_by_percentage'","[19:40:21.960543 INFO] Running of measure 'change_electric_equipment_loads_by_percentage' completed. Post-processing measure output","[19:40:21.963014 INFO] Finished apply_measure for change_electric_equipment_loads_by_percentage in [{\"Measure:change_electric_equipment_loads_by_percentage\"=>0.10769915580749512}] s","[19:40:21.964174 INFO] Starting apply_measure for set_gas_burner_efficiency","[19:40:21.965327 INFO] Creating run directory to /mnt/openstudio/analysis_75c4f2b4-0603-45b1-91bb-ad41d8294bdd/data_point_8d052ebe-9280-49ee-9d10-5bcc4a38d6b4/run/SetGasBurnerEfficiency","[19:40:21.966653 INFO] Apply measure running in /mnt/openstudio/analysis_75c4f2b4-0603-45b1-91bb-ad41d8294bdd/data_point_8d052ebe-9280-49ee-9d10-5bcc4a38d6b4/run/SetGasBurnerEfficiency","[19:40:21.967830 INFO] Loading Measure from /mnt/openstudio/analysis_75c4f2b4-0603-45b1-91bb-ad41d8294bdd/measures/SetGasBurnerEfficiency/measure.rb","[19:40:21.973006 INFO] Iterating over arguments for workflow item 'set_gas_burner_efficiency'","[19:40:21.974989 INFO] Setting argument value 'object' to '*All Air Loops*'","[19:40:21.976138 INFO] Iterating over variables for workflow item 'set_gas_burner_efficiency'","[19:40:21.977296 INFO] Setting variable 'eff' to 0.82","[19:40:21.978500 INFO] Calling measure.run for 'set_gas_burner_efficiency'","[19:40:21.981018 INFO] No costs were requested for Coil Cooling DX Two Speed units.","[19:40:21.982496 INFO] Changing the burner efficiency from 0.95 to 0.82 for gas heating units 'OS:Coil:Heating:Gas 1' on air loop 'Small heating and cooling furnace'","[19:40:21.984299 INFO] The starting efficiency values in affected loop(s) range from 0.95 to 0.95. Initial year 0 capital costs for affected Coil Heating Gas units is $0.","[19:40:21.985511 INFO] 1 Coil Heating Gas units had their Rated COP values set to 0.82. Final year 0 capital costs for affected Coil Heating Gas units is $0.","[19:40:21.986652 INFO] Finished measure.run for 'set_gas_burner_efficiency'","[19:40:22.054494 INFO] Running of measure 'set_gas_burner_efficiency' completed. Post-processing measure output","[19:40:22.056910 INFO] Finished apply_measure for set_gas_burner_efficiency in [{\"Measure:set_gas_burner_efficiency\"=>0.09155416488647461}] s","[19:40:22.058113 INFO] Starting apply_measure for set_cop_for_single_speed_dx_cooling_units","[19:40:22.059316 INFO] Creating run directory to /mnt/openstudio/analysis_75c4f2b4-0603-45b1-91bb-ad41d8294bdd/data_point_8d052ebe-9280-49ee-9d10-5bcc4a38d6b4/run/SetCOPforSingleSpeedDXCoolingUnits","[19:40:22.060659 INFO] Apply measure running in /mnt/openstudio/analysis_75c4f2b4-0603-45b1-91bb-ad41d8294bdd/data_point_8d052ebe-9280-49ee-9d10-5bcc4a38d6b4/run/SetCOPforSingleSpeedDXCoolingUnits","[19:40:22.061860 INFO] Loading Measure from /mnt/openstudio/analysis_75c4f2b4-0603-45b1-91bb-ad41d8294bdd/measures/SetCOPforSingleSpeedDXCoolingUnits/measure.rb","[19:40:22.066170 INFO] Iterating over arguments for workflow item 'set_cop_for_single_speed_dx_cooling_units'","[19:40:22.068114 INFO] Setting argument value 'object' to '*All Air Loops*'","[19:40:22.069379 INFO] Iterating over variables for workflow item 'set_cop_for_single_speed_dx_cooling_units'","[19:40:22.070581 INFO] Setting variable 'cop' to 3.3","[19:40:22.071832 INFO] Calling measure.run for 'set_cop_for_single_speed_dx_cooling_units'","[19:40:22.074353 INFO] No costs were requested for Coil Cooling DX Single Speed units.","[19:40:22.075821 INFO] Changing the Rated COP from 4.1 to 3.3 for single speed dx unit 'Coil Cooling DX Single Speed 1' on air loop 'Small heating and cooling furnace'","[19:40:22.077692 INFO] The starting Rated COP values in affected loop(s) range from 4.1 to 4.1. Initial year 0 capital costs for affected Coil Cooling DX Single Speed units is $0.","[19:40:22.078737 INFO] 1 single speed dx units had their Rated COP values set to 3.3. Final year 0 capital costs for affected Coil Cooling DX Single Speed units is $0.","[19:40:22.079990 INFO] Finished measure.run for 'set_cop_for_single_speed_dx_cooling_units'","[19:40:22.145900 INFO] Running of measure 'set_cop_for_single_speed_dx_cooling_units' completed. Post-processing measure output","[19:40:22.148402 INFO] Finished apply_measure for set_cop_for_single_speed_dx_cooling_units in [{\"Measure:set_cop_for_single_speed_dx_cooling_units\"=>0.08908486366271973}] s","[19:40:22.149634 INFO] Starting apply_measure for improve_fan_belt_efficiency","[19:40:22.150844 INFO] Creating run directory to /mnt/openstudio/analysis_75c4f2b4-0603-45b1-91bb-ad41d8294bdd/data_point_8d052ebe-9280-49ee-9d10-5bcc4a38d6b4/run/ImproveFanBeltEfficiency","[19:40:22.152283 INFO] Apply measure running in /mnt/openstudio/analysis_75c4f2b4-0603-45b1-91bb-ad41d8294bdd/data_point_8d052ebe-9280-49ee-9d10-5bcc4a38d6b4/run/ImproveFanBeltEfficiency","[19:40:22.153535 INFO] Loading Measure from /mnt/openstudio/analysis_75c4f2b4-0603-45b1-91bb-ad41d8294bdd/measures/ImproveFanBeltEfficiency/measure.rb","[19:40:22.158252 INFO] Iterating over arguments for workflow item 'improve_fan_belt_efficiency'","[19:40:22.160260 INFO] Setting argument value 'object' to '*All Air Loops*'","[19:40:22.161551 INFO] Iterating over variables for workflow item 'improve_fan_belt_efficiency'","[19:40:22.162811 INFO] Setting variable 'motor_eff' to 8.0","[19:40:22.164160 INFO] Setting variable 'fan_eff' to -9.0","[19:40:22.165430 INFO] Calling measure.run for 'improve_fan_belt_efficiency'","[19:40:22.168235 INFO] No costs were requested for motors improvements.","[19:40:22.169801 INFO] Changing the motor efficiency from 85.7399978637695% to 93.7399978637695% for 'User defined fan 1' onloop 'Small heating and cooling furnace.'","[19:40:22.171660 INFO] Changing the motor efficiency from 70.0% to 61.0% for 'User defined fan 1' onloop 'Small heating and cooling furnace.'","[19:40:22.173143 INFO] The starting motor efficiency values in affected loop(s) range from 85.7399978637695% to 85.7399978637695%. Initial year 0 capital costs for affected fans is $0.","[19:40:22.174489 INFO] 1 fans had motor efficiency values set to altered. Final year 0 capital costs for affected fans is $0.","[19:40:22.176433 INFO] Finished measure.run for 'improve_fan_belt_efficiency'","[19:40:22.242066 INFO] Running of measure 'improve_fan_belt_efficiency' completed. Post-processing measure output","[19:40:22.244614 INFO] Finished apply_measure for improve_fan_belt_efficiency in [{\"Measure:improve_fan_belt_efficiency\"=>0.09373807907104492}] s","[19:40:22.245909 INFO] Starting apply_measure for adjust_thermostat_setpoints_by_degrees","[19:40:22.247173 INFO] Creating run directory to /mnt/openstudio/analysis_75c4f2b4-0603-45b1-91bb-ad41d8294bdd/data_point_8d052ebe-9280-49ee-9d10-5bcc4a38d6b4/run/AdjustThermostatSetpointsByDegrees","[19:40:22.248455 INFO] Apply measure running in /mnt/openstudio/analysis_75c4f2b4-0603-45b1-91bb-ad41d8294bdd/data_point_8d052ebe-9280-49ee-9d10-5bcc4a38d6b4/run/AdjustThermostatSetpointsByDegrees","[19:40:22.249748 INFO] Loading Measure from /mnt/openstudio/analysis_75c4f2b4-0603-45b1-91bb-ad41d8294bdd/measures/AdjustThermostatSetpointsByDegrees/measure.rb","[19:40:22.252774 INFO] Iterating over arguments for workflow item 'adjust_thermostat_setpoints_by_degrees'","[19:40:22.254770 INFO] Setting argument value 'alter_design_days' to 'false'","[19:40:22.256181 INFO] Iterating over variables for workflow item 'adjust_thermostat_setpoints_by_degrees'","[19:40:22.257465 INFO] Setting variable 'cooling_adjustment' to 1.0","[19:40:22.258789 INFO] Setting variable 'heating_adjustment' to 2.0","[19:40:22.260772 INFO] Calling measure.run for 'adjust_thermostat_setpoints_by_degrees'","[19:40:22.262650 WARN] Raising the heating setpoint will increase energy use.","[19:40:22.283562 INFO] Initial cooling setpoints used in the model range from 75 F to 75 F. Initial heating setpoints used in the model range from 65 F to 65 F.","[19:40:22.285523 INFO] Final cooling setpoints used in the model range from 76 F to 76 F. Final heating setpoints used in the model range from 67 F to 67 F.","[19:40:22.286839 INFO] Finished measure.run for 'adjust_thermostat_setpoints_by_degrees'","[19:40:22.352596 INFO] Running of measure 'adjust_thermostat_setpoints_by_degrees' completed. Post-processing measure output","[19:40:22.355104 INFO] Finished apply_measure for adjust_thermostat_setpoints_by_degrees in [{\"Measure:adjust_thermostat_setpoints_by_degrees\"=>0.10787057876586914}] s","[19:40:22.356461 INFO] Starting apply_measure for insulation_thickness_walls","[19:40:22.357787 INFO] Creating run directory to /mnt/openstudio/analysis_75c4f2b4-0603-45b1-91bb-ad41d8294bdd/data_point_8d052ebe-9280-49ee-9d10-5bcc4a38d6b4/run/ChangeRValueOfInsulationForConstructionByASpecifiedPercentage","[19:40:22.359258 INFO] Apply measure running in /mnt/openstudio/analysis_75c4f2b4-0603-45b1-91bb-ad41d8294bdd/data_point_8d052ebe-9280-49ee-9d10-5bcc4a38d6b4/run/ChangeRValueOfInsulationForConstructionByASpecifiedPercentage","[19:40:22.360659 INFO] Loading Measure from /mnt/openstudio/analysis_75c4f2b4-0603-45b1-91bb-ad41d8294bdd/measures/change_r_value_of_insulation_for_construction_by_a_specified_percentage/measure.rb","[19:40:22.371667 INFO] Iterating over arguments for workflow item 'insulation_thickness_walls'","[19:40:22.373708 INFO] Setting argument value 'construction' to 'EXTERIOR-WALL'","[19:40:22.375075 INFO] Iterating over variables for workflow item 'insulation_thickness_walls'","[19:40:22.376484 INFO] Setting variable 'r_value_prct_inc' to 110.0","[19:40:22.377841 INFO] Calling measure.run for 'insulation_thickness_walls'","[19:40:22.385278 INFO] The Initial R-value of EXTERIOR-WALL is 14.0058 (ft^2*h*R/Btu).","[19:40:22.390559 INFO] For construction'EXTERIOR-WALL', 'Wood-Framed - 4 in. Studs - 16 in. OC - R-11 Cavity Insulation' was altered.","[19:40:22.392809 INFO] The Final R-value of EXTERIOR-WALL is 23.2091 (ft^2*h*R/Btu).","[19:40:22.394251 INFO] Finished measure.run for 'insulation_thickness_walls'","[19:40:22.462626 INFO] Running of measure 'insulation_thickness_walls' completed. Post-processing measure output","[19:40:22.465174 INFO] Finished apply_measure for insulation_thickness_walls in [{\"Measure:insulation_thickness_walls\"=>0.10735535621643066}] s","[19:40:22.466592 INFO] Starting apply_measure for insulation_thickness_roof","[19:40:22.467985 INFO] Creating run directory to /mnt/openstudio/analysis_75c4f2b4-0603-45b1-91bb-ad41d8294bdd/data_point_8d052ebe-9280-49ee-9d10-5bcc4a38d6b4/run/ChangeRValueOfInsulationForConstructionByASpecifiedPercentage","[19:40:22.469435 INFO] Apply measure running in /mnt/openstudio/analysis_75c4f2b4-0603-45b1-91bb-ad41d8294bdd/data_point_8d052ebe-9280-49ee-9d10-5bcc4a38d6b4/run/ChangeRValueOfInsulationForConstructionByASpecifiedPercentage","[19:40:22.470816 INFO] Loading Measure from /mnt/openstudio/analysis_75c4f2b4-0603-45b1-91bb-ad41d8294bdd/measures/change_r_value_of_insulation_for_construction_by_a_specified_percentage/measure.rb","[19:40:22.477550 INFO] Iterating over arguments for workflow item 'insulation_thickness_roof'","[19:40:22.478917 INFO] Setting argument value 'construction' to 'EXTERIOR-ROOF'","[19:40:22.480205 INFO] Iterating over variables for workflow item 'insulation_thickness_roof'","[19:40:22.481574 INFO] Setting variable 'r_value_prct_inc' to -20.0","[19:40:22.483002 INFO] Calling measure.run for 'insulation_thickness_roof'","[19:40:22.490303 INFO] The Initial R-value of EXTERIOR-ROOF is 31.2 (ft^2*h*R/Btu).","[19:40:22.495038 INFO] For construction'EXTERIOR-ROOF', 'Mineral Fiber Batt Insulation - 10 in.' was altered.","[19:40:22.497341 INFO] The Final R-value of EXTERIOR-ROOF is 25.4308 (ft^2*h*R/Btu).","[19:40:22.498768 INFO] Finished measure.run for 'insulation_thickness_roof'","[19:40:22.565675 INFO] Running of measure 'insulation_thickness_roof' completed. Post-processing measure output","[19:40:22.568135 INFO] Finished apply_measure for insulation_thickness_roof in [{\"Measure:insulation_thickness_roof\"=>0.10013628005981445}] s","[19:40:22.569540 INFO] Starting apply_measure for change_electric_baseboard","[19:40:22.570945 INFO] Creating run directory to /mnt/openstudio/analysis_75c4f2b4-0603-45b1-91bb-ad41d8294bdd/data_point_8d052ebe-9280-49ee-9d10-5bcc4a38d6b4/run/ChangeElectricBaseboard","[19:40:22.572495 INFO] Apply measure running in /mnt/openstudio/analysis_75c4f2b4-0603-45b1-91bb-ad41d8294bdd/data_point_8d052ebe-9280-49ee-9d10-5bcc4a38d6b4/run/ChangeElectricBaseboard","[19:40:22.574131 INFO] Loading Measure from /mnt/openstudio/analysis_75c4f2b4-0603-45b1-91bb-ad41d8294bdd/measures/ChangeElectricBaseboard/measure.rb","[19:40:22.576466 INFO] Iterating over arguments for workflow item 'change_electric_baseboard'","[19:40:22.578605 INFO] Setting argument value 'base_eff' to '1.0'","[19:40:22.580119 INFO] Iterating over variables for workflow item 'change_electric_baseboard'","[19:40:22.581557 INFO] Setting variable 'nom_cap' to 2200.0","[19:40:22.583050 INFO] Calling measure.run for 'change_electric_baseboard'","[19:40:22.585670 INFO] Changing the base_eff to 1 ","[19:40:22.587507 INFO] Changing the nominal capacity to #<OpenStudio::OSOptionalQuantity:0x00000005ab9938> ","[19:40:22.588921 INFO] Finished measure.run for 'change_electric_baseboard'","[19:40:22.655162 INFO] Running of measure 'change_electric_baseboard' completed. Post-processing measure output","[19:40:22.657597 INFO] Finished apply_measure for change_electric_baseboard in [{\"Measure:change_electric_baseboard\"=>0.08661198616027832}] s","[19:40:22.659052 INFO] Starting apply_measure for addoutputvariableelectricequipmentelectricpower","[19:40:22.660620 INFO] Creating run directory to /mnt/openstudio/analysis_75c4f2b4-0603-45b1-91bb-ad41d8294bdd/data_point_8d052ebe-9280-49ee-9d10-5bcc4a38d6b4/run/AddOutputVariable","[19:40:22.662224 INFO] Apply measure running in /mnt/openstudio/analysis_75c4f2b4-0603-45b1-91bb-ad41d8294bdd/data_point_8d052ebe-9280-49ee-9d10-5bcc4a38d6b4/run/AddOutputVariable","[19:40:22.663679 INFO] Loading Measure from /mnt/openstudio/analysis_75c4f2b4-0603-45b1-91bb-ad41d8294bdd/measures/AddOutputVariable/measure.rb","[19:40:22.666299 INFO] Iterating over arguments for workflow item 'addoutputvariableelectricequipmentelectricpower'","[19:40:22.668537 INFO] Setting argument value 'variable_name' to 'Electric Equipment Electric Power'","[19:40:22.669996 INFO] Setting argument value 'reporting_frequency' to 'daily'","[19:40:22.671551 INFO] Setting argument value 'key_value' to '*'","[19:40:22.673031 INFO] Iterating over variables for workflow item 'addoutputvariableelectricequipmentelectricpower'","[19:40:22.674496 INFO] Calling measure.run for 'addoutputvariableelectricequipmentelectricpower'","[19:40:22.676367 INFO] The model started with 2 output variable objects.","[19:40:22.678853 INFO] Adding output variable for Electric Equipment Electric Power reporting daily.","[19:40:22.680512 INFO] Key value for variable is *.","[19:40:22.682092 INFO] The model finished with 3 output variable objects.","[19:40:22.683652 INFO] Finished measure.run for 'addoutputvariableelectricequipmentelectricpower'","[19:40:22.749947 INFO] Running of measure 'addoutputvariableelectricequipmentelectricpower' completed. Post-processing measure output","[19:40:22.752500 INFO] Finished apply_measure for addoutputvariableelectricequipmentelectricpower in [{\"Measure:addoutputvariableelectricequipmentelectricpower\"=>0.09191322326660156}] s","[19:40:22.754001 INFO] Starting apply_measure for addoutputvariablehvacpower","[19:40:22.755540 INFO] Creating run directory to /mnt/openstudio/analysis_75c4f2b4-0603-45b1-91bb-ad41d8294bdd/data_point_8d052ebe-9280-49ee-9d10-5bcc4a38d6b4/run/AddOutputVariable","[19:40:22.757098 INFO] Apply measure running in /mnt/openstudio/analysis_75c4f2b4-0603-45b1-91bb-ad41d8294bdd/data_point_8d052ebe-9280-49ee-9d10-5bcc4a38d6b4/run/AddOutputVariable","[19:40:22.758648 INFO] Loading Measure from /mnt/openstudio/analysis_75c4f2b4-0603-45b1-91bb-ad41d8294bdd/measures/AddOutputVariable/measure.rb","[19:40:22.760980 INFO] Iterating over arguments for workflow item 'addoutputvariablehvacpower'","[19:40:22.762432 INFO] Setting argument value 'variable_name' to 'Facility Total HVAC Electric Demand Power'","[19:40:22.764005 INFO] Setting argument value 'reporting_frequency' to 'daily'","[19:40:22.765845 INFO] Setting argument value 'key_value' to '*'","[19:40:22.767721 INFO] Iterating over variables for workflow item 'addoutputvariablehvacpower'","[19:40:22.769464 INFO] Calling measure.run for 'addoutputvariablehvacpower'","[19:40:22.771606 INFO] The model started with 3 output variable objects.","[19:40:22.774254 INFO] Adding output variable for Facility Total HVAC Electric Demand Power reporting daily.","[19:40:22.775912 INFO] Key value for variable is *.","[19:40:22.777759 INFO] The model finished with 4 output variable objects.","[19:40:22.779611 INFO] Finished measure.run for 'addoutputvariablehvacpower'","[19:40:22.845930 INFO] Running of measure 'addoutputvariablehvacpower' completed. Post-processing measure output","[19:40:22.849736 INFO] Finished apply_measure for addoutputvariablehvacpower in [{\"Measure:addoutputvariablehvacpower\"=>0.09417581558227539}] s","[19:40:22.851560 INFO] Starting apply_measure for addoutputvariabletotalpower","[19:40:22.853092 INFO] Creating run directory to /mnt/openstudio/analysis_75c4f2b4-0603-45b1-91bb-ad41d8294bdd/data_point_8d052ebe-9280-49ee-9d10-5bcc4a38d6b4/run/AddOutputVariable","[19:40:22.854674 INFO] Apply measure running in /mnt/openstudio/analysis_75c4f2b4-0603-45b1-91bb-ad41d8294bdd/data_point_8d052ebe-9280-49ee-9d10-5bcc4a38d6b4/run/AddOutputVariable","[19:40:22.856251 INFO] Loading Measure from /mnt/openstudio/analysis_75c4f2b4-0603-45b1-91bb-ad41d8294bdd/measures/AddOutputVariable/measure.rb","[19:40:22.858123 INFO] Iterating over arguments for workflow item 'addoutputvariabletotalpower'","[19:40:22.859626 INFO] Setting argument value 'variable_name' to 'Facility Total Electric Demand Power'","[19:40:22.861196 INFO] Setting argument value 'reporting_frequency' to 'daily'","[19:40:22.862804 INFO] Setting argument value 'key_value' to '*'","[19:40:22.864495 INFO] Iterating over variables for workflow item 'addoutputvariabletotalpower'","[19:40:22.866000 INFO] Calling measure.run for 'addoutputvariabletotalpower'","[19:40:22.868016 INFO] The model started with 4 output variable objects.","[19:40:22.870460 INFO] Adding output variable for Facility Total Electric Demand Power reporting daily.","[19:40:22.872043 INFO] Key value for variable is *.","[19:40:22.873636 INFO] The model finished with 5 output variable objects.","[19:40:22.875171 INFO] Finished measure.run for 'addoutputvariabletotalpower'","[19:40:22.941328 INFO] Running of measure 'addoutputvariabletotalpower' completed. Post-processing measure output","[19:40:22.943926 INFO] Finished apply_measure for addoutputvariabletotalpower in [{\"Measure:addoutputvariabletotalpower\"=>0.09080719947814941}] s","[19:40:22.945531 INFO] Starting apply_measure for addoutputvariablegasenergy","[19:40:22.947054 INFO] Creating run directory to /mnt/openstudio/analysis_75c4f2b4-0603-45b1-91bb-ad41d8294bdd/data_point_8d052ebe-9280-49ee-9d10-5bcc4a38d6b4/run/AddOutputVariable","[19:40:22.948701 INFO] Apply measure running in /mnt/openstudio/analysis_75c4f2b4-0603-45b1-91bb-ad41d8294bdd/data_point_8d052ebe-9280-49ee-9d10-5bcc4a38d6b4/run/AddOutputVariable","[19:40:22.950306 INFO] Loading Measure from /mnt/openstudio/analysis_75c4f2b4-0603-45b1-91bb-ad41d8294bdd/measures/AddOutputVariable/measure.rb","[19:40:22.952302 INFO] Iterating over arguments for workflow item 'addoutputvariablegasenergy'","[19:40:22.953861 INFO] Setting argument value 'variable_name' to 'Air System Gas Energy'","[19:40:22.955809 INFO] Setting argument value 'reporting_frequency' to 'daily'","[19:40:22.957692 INFO] Setting argument value 'key_value' to '*'","[19:40:22.959646 INFO] Iterating over variables for workflow item 'addoutputvariablegasenergy'","[19:40:22.961499 INFO] Calling measure.run for 'addoutputvariablegasenergy'","[19:40:22.964461 INFO] The model started with 5 output variable objects.","[19:40:22.966925 INFO] Adding output variable for Air System Gas Energy reporting daily.","[19:40:22.968858 INFO] Key value for variable is *.","[19:40:22.970742 INFO] The model finished with 6 output variable objects.","[19:40:22.972647 INFO] Finished measure.run for 'addoutputvariablegasenergy'","[19:40:23.039378 INFO] Running of measure 'addoutputvariablegasenergy' completed. Post-processing measure output","[19:40:23.042658 INFO] Finished apply_measure for addoutputvariablegasenergy in [{\"Measure:addoutputvariablegasenergy\"=>0.09557914733886719}] s","[19:40:23.044580 INFO] Starting apply_measure for addoutputvariablegasrate","[19:40:23.046470 INFO] Creating run directory to /mnt/openstudio/analysis_75c4f2b4-0603-45b1-91bb-ad41d8294bdd/data_point_8d052ebe-9280-49ee-9d10-5bcc4a38d6b4/run/AddOutputVariable","[19:40:23.049144 INFO] Apply measure running in /mnt/openstudio/analysis_75c4f2b4-0603-45b1-91bb-ad41d8294bdd/data_point_8d052ebe-9280-49ee-9d10-5bcc4a38d6b4/run/AddOutputVariable","[19:40:23.051110 INFO] Loading Measure from /mnt/openstudio/analysis_75c4f2b4-0603-45b1-91bb-ad41d8294bdd/measures/AddOutputVariable/measure.rb","[19:40:23.053435 INFO] Iterating over arguments for workflow item 'addoutputvariablegasrate'","[19:40:23.055341 INFO] Setting argument value 'variable_name' to 'Heating Coil Gas Rate'","[19:40:23.057203 INFO] Setting argument value 'reporting_frequency' to 'daily'","[19:40:23.059141 INFO] Setting argument value 'key_value' to '*'","[19:40:23.060841 INFO] Iterating over variables for workflow item 'addoutputvariablegasrate'","[19:40:23.062437 INFO] Calling measure.run for 'addoutputvariablegasrate'","[19:40:23.064547 INFO] The model started with 6 output variable objects.","[19:40:23.067039 INFO] Adding output variable for Heating Coil Gas Rate reporting daily.","[19:40:23.068743 INFO] Key value for variable is *.","[19:40:23.070406 INFO] The model finished with 7 output variable objects.","[19:40:23.071805 INFO] Finished measure.run for 'addoutputvariablegasrate'","[19:40:23.138521 INFO] Running of measure 'addoutputvariablegasrate' completed. Post-processing measure output","[19:40:23.141268 INFO] Finished apply_measure for addoutputvariablegasrate in [{\"Measure:addoutputvariablegasrate\"=>0.09477519989013672}] s","[19:40:23.142976 INFO] Starting apply_measure for addoutputvariablelights","[19:40:23.144692 INFO] Creating run directory to /mnt/openstudio/analysis_75c4f2b4-0603-45b1-91bb-ad41d8294bdd/data_point_8d052ebe-9280-49ee-9d10-5bcc4a38d6b4/run/AddOutputVariable","[19:40:23.146394 INFO] Apply measure running in /mnt/openstudio/analysis_75c4f2b4-0603-45b1-91bb-ad41d8294bdd/data_point_8d052ebe-9280-49ee-9d10-5bcc4a38d6b4/run/AddOutputVariable","[19:40:23.148157 INFO] Loading Measure from /mnt/openstudio/analysis_75c4f2b4-0603-45b1-91bb-ad41d8294bdd/measures/AddOutputVariable/measure.rb","[19:40:23.150315 INFO] Iterating over arguments for workflow item 'addoutputvariablelights'","[19:40:23.151973 INFO] Setting argument value 'variable_name' to 'Lights Electric Power'","[19:40:23.153689 INFO] Setting argument value 'reporting_frequency' to 'daily'","[19:40:23.155385 INFO] Setting argument value 'key_value' to '*'","[19:40:23.156983 INFO] Iterating over variables for workflow item 'addoutputvariablelights'","[19:40:23.158613 INFO] Calling measure.run for 'addoutputvariablelights'","[19:40:23.161344 INFO] The model started with 7 output variable objects.","[19:40:23.164286 INFO] Adding output variable for Lights Electric Power reporting daily.","[19:40:23.166295 INFO] Key value for variable is *.","[19:40:23.168379 INFO] The model finished with 8 output variable objects.","[19:40:23.170375 INFO] Finished measure.run for 'addoutputvariablelights'","[19:40:23.238980 INFO] Running of measure 'addoutputvariablelights' completed. Post-processing measure output","[19:40:23.242428 INFO] Finished apply_measure for addoutputvariablelights in [{\"Measure:addoutputvariablelights\"=>0.09768056869506836}] s","[19:40:23.244662 INFO] Finished applying OpenStudio measures.","[19:40:23.246630 INFO] Translate object to EnergyPlus IDF in Prep for EnergyPlus Measure","[19:40:23.596553 INFO] Translate object to EnergyPlus IDF took 0.34762072563171387","[19:40:23.600286 INFO] Applying measures for EnergyPlusMeasure","[19:40:23.602466 INFO] Finished applying EnergyPlus measures.","[19:40:23.604809 INFO] Saving measure output attributes JSON","[19:40:25.688859 INFO] Current state: 'openstudio'","[19:40:25.694447 INFO] Next state will be: 'energyplus'","[19:40:25.698578 INFO] Running run_energyplus","[19:40:25.703332 INFO] Getting method for state transition 'run_energyplus'","[19:40:25.706667 INFO] RunEnergyplus passed the following options {:energyplus_path=>\"/usr/local/share/openstudio-1.10.1/EnergyPlus-8-4-0\", :transitions=>[{:from=>:queued, :to=>:preflight}, {:from=>:preflight, :to=>:openstudio}, {:from=>:openstudio, :to=>:energyplus}, {:from=>:energyplus, :to=>:reporting_measures}, {:from=>:reporting_measures, :to=>:postprocess}, {:from=>:postprocess, :to=>:finished}], :states=>[{:state=>:queued, :options=>{:initial=>true}}, {:state=>:preflight, :options=>{:after_enter=>:run_preflight}}, {:state=>:openstudio, :options=>{:after_enter=>:run_openstudio}}, {:state=>:energyplus, :options=>{:after_enter=>:run_energyplus}}, {:state=>:reporting_measures, :options=>{:after_enter=>:run_reporting_measures}}, {:state=>:postprocess, :options=>{:after_enter=>:run_postprocess}}, {:state=>:finished}, {:state=>:errored}], :jobs=>{}, :adapter_options=>{:mongoid_path=>\"/mnt/openstudio/rails-models\", :rails_env=>:development}, :datapoint_id=>\"8d052ebe-9280-49ee-9d10-5bcc4a38d6b4\", :analysis_root_path=>\"/mnt/openstudio/analysis_75c4f2b4-0603-45b1-91bb-ad41d8294bdd\", :run_preflight=>{}, :run_openstudio=>{:weather_filename=>\"/mnt/openstudio/analysis_75c4f2b4-0603-45b1-91bb-ad41d8294bdd/weather/SRRL_2013AMY_60min.epw\", :osm=>\"/mnt/openstudio/analysis_75c4f2b4-0603-45b1-91bb-ad41d8294bdd/data_point_8d052ebe-9280-49ee-9d10-5bcc4a38d6b4/run/in.osm\", :idf=>\"/mnt/openstudio/analysis_75c4f2b4-0603-45b1-91bb-ad41d8294bdd/data_point_8d052ebe-9280-49ee-9d10-5bcc4a38d6b4/run/in.idf\"}}","[19:40:25.708883 INFO] Calling perform in the RunEnergyplus class","[19:40:25.711023 INFO] Current directory is /mnt/openstudio/analysis_75c4f2b4-0603-45b1-91bb-ad41d8294bdd/data_point_8d052ebe-9280-49ee-9d10-5bcc4a38d6b4","[19:40:25.713458 INFO] Weather file for EnergyPlus simulation is /mnt/openstudio/analysis_75c4f2b4-0603-45b1-91bb-ad41d8294bdd/weather/SRRL_2013AMY_60min.epw","[19:40:25.718712 INFO] IDF (in.idf) already exists in the run directory","[19:40:25.720947 INFO] Copying EnergyPlus files to run directory: /mnt/openstudio/analysis_75c4f2b4-0603-45b1-91bb-ad41d8294bdd/data_point_8d052ebe-9280-49ee-9d10-5bcc4a38d6b4/run","[19:40:25.883077 INFO] Running EnergyPlus Preprocess","[19:40:25.989930 INFO] Finished EnergyPlus Preprocess","[19:40:25.992359 INFO] Starting simulation in run directory: /mnt/openstudio/analysis_75c4f2b4-0603-45b1-91bb-ad41d8294bdd/data_point_8d052ebe-9280-49ee-9d10-5bcc4a38d6b4/run","[19:40:34.673832 INFO] EnergyPlus returned 'pid 17548 exit 0'","[19:40:34.679198 INFO] EnergyPlus finished with 197 warnings and 0 severe errors","[19:40:34.681606 INFO] Ensuring 'clean' directory","[19:40:34.684845 INFO] Removing any copied EnergyPlus files","[19:40:34.703526 INFO] EnergyPlus Completed","[19:40:36.706322 INFO] Current state: 'energyplus'","[19:40:36.798789 INFO] Next state will be: 'reporting_measures'","[19:40:36.801259 INFO] Running run_reporting_measures","[19:40:36.814739 INFO] Getting method for state transition 'run_reporting_measures'","[19:40:36.936637 INFO] RunReportingMeasures passed the following options {:transitions=>[{:from=>:queued, :to=>:preflight}, {:from=>:preflight, :to=>:openstudio}, {:from=>:openstudio, :to=>:energyplus}, {:from=>:energyplus, :to=>:reporting_measures}, {:from=>:reporting_measures, :to=>:postprocess}, {:from=>:postprocess, :to=>:finished}], :states=>[{:state=>:queued, :options=>{:initial=>true}}, {:state=>:preflight, :options=>{:after_enter=>:run_preflight}}, {:state=>:openstudio, :options=>{:after_enter=>:run_openstudio}}, {:state=>:energyplus, :options=>{:after_enter=>:run_energyplus}}, {:state=>:reporting_measures, :options=>{:after_enter=>:run_reporting_measures}}, {:state=>:postprocess, :options=>{:after_enter=>:run_postprocess}}, {:state=>:finished}, {:state=>:errored}], :jobs=>{}, :adapter_options=>{:mongoid_path=>\"/mnt/openstudio/rails-models\", :rails_env=>:development}, :datapoint_id=>\"8d052ebe-9280-49ee-9d10-5bcc4a38d6b4\", :analysis_root_path=>\"/mnt/openstudio/analysis_75c4f2b4-0603-45b1-91bb-ad41d8294bdd\", :run_preflight=>{}, :run_openstudio=>{:weather_filename=>\"/mnt/openstudio/analysis_75c4f2b4-0603-45b1-91bb-ad41d8294bdd/weather/SRRL_2013AMY_60min.epw\", :osm=>\"/mnt/openstudio/analysis_75c4f2b4-0603-45b1-91bb-ad41d8294bdd/data_point_8d052ebe-9280-49ee-9d10-5bcc4a38d6b4/run/in.osm\", :idf=>\"/mnt/openstudio/analysis_75c4f2b4-0603-45b1-91bb-ad41d8294bdd/data_point_8d052ebe-9280-49ee-9d10-5bcc4a38d6b4/run/in.idf\"}, :run_energyplus=>{}}","[19:40:36.939680 INFO] Loading model","[19:40:36.941805 INFO] Reading in model /mnt/openstudio/analysis_75c4f2b4-0603-45b1-91bb-ad41d8294bdd/data_point_8d052ebe-9280-49ee-9d10-5bcc4a38d6b4/run/in.osm","[19:40:37.184443 INFO] Calling perform in the RunReportingMeasures class","[19:40:37.187079 INFO] RunPostProcess Retrieving datapoint and problem"],"name":"Single Run Autogenerated","analysis_id":"75c4f2b4-0603-45b1-91bb-ad41d8294bdd","updated_at":"2016-07-26T19:40:37Z","created_at":"2016-07-26T19:39:54Z","uuid":"8d052ebe-9280-49ee-9d10-5bcc4a38d6b4","run_start_time":"2016-07-26T19:40:16Z","ip_address":"192.168.33.10","internal_ip_address":"192.168.33.10"}}