[
  {
    "channel": "Measure:addmonthlyjsonutilitydataelectric",
    "start_time": 1469562021.3655653,
    "start_time_str": "2016-07-26 19:40:21 +0000",
    "end_time": 1469562021.513442,
    "delta": 0.14787673950195312
  },
  {
    "channel": "Measure:addmonthlyjsonutilitydatagas",
    "start_time": 1469562021.5152414,
    "start_time_str": "2016-07-26 19:40:21 +0000",
    "end_time": 1469562021.6470015,
    "delta": 0.1317601203918457
  },
  {
    "channel": "Measure:reducespaceinfiltrationbypercentage",
    "start_time": 1469562021.6490552,
    "start_time_str": "2016-07-26 19:40:21 +0000",
    "end_time": 1469562021.7459438,
    "delta": 0.09688854217529297
  },
  {
    "channel": "Measure:change_lighting_loads_by_percentage",
    "start_time": 1469562021.7481241,
    "start_time_str": "2016-07-26 19:40:21 +0000",
    "end_time": 1469562021.8528275,
    "delta": 0.10470342636108398
  },
  {
    "channel": "Measure:change_electric_equipment_loads_by_percentage",
    "start_time": 1469562021.855237,
    "start_time_str": "2016-07-26 19:40:21 +0000",
    "end_time": 1469562021.9629362,
    "delta": 0.10769915580749512
  },
  {
    "channel": "Measure:set_gas_burner_efficiency",
    "start_time": 1469562021.9652796,
    "start_time_str": "2016-07-26 19:40:21 +0000",
    "end_time": 1469562022.0568337,
    "delta": 0.09155416488647461
  },
  {
    "channel": "Measure:set_cop_for_single_speed_dx_cooling_units",
    "start_time": 1469562022.0592415,
    "start_time_str": "2016-07-26 19:40:22 +0000",
    "end_time": 1469562022.1483264,
    "delta": 0.08908486366271973
  },
  {
    "channel": "Measure:improve_fan_belt_efficiency",
    "start_time": 1469562022.1507983,
    "start_time_str": "2016-07-26 19:40:22 +0000",
    "end_time": 1469562022.2445364,
    "delta": 0.09373807907104492
  },
  {
    "channel": "Measure:adjust_thermostat_setpoints_by_degrees",
    "start_time": 1469562022.2471268,
    "start_time_str": "2016-07-26 19:40:22 +0000",
    "end_time": 1469562022.3549974,
    "delta": 0.10787057876586914
  },
  {
    "channel": "Measure:insulation_thickness_walls",
    "start_time": 1469562022.35774,
    "start_time_str": "2016-07-26 19:40:22 +0000",
    "end_time": 1469562022.4650953,
    "delta": 0.10735535621643066
  },
  {
    "channel": "Measure:insulation_thickness_roof",
    "start_time": 1469562022.4679375,
    "start_time_str": "2016-07-26 19:40:22 +0000",
    "end_time": 1469562022.5680737,
    "delta": 0.10013628005981445
  },
  {
    "channel": "Measure:change_electric_baseboard",
    "start_time": 1469562022.5709028,
    "start_time_str": "2016-07-26 19:40:22 +0000",
    "end_time": 1469562022.6575148,
    "delta": 0.08661198616027832
  },
  {
    "channel": "Measure:addoutputvariableelectricequipmentelectricpower",
    "start_time": 1469562022.6605053,
    "start_time_str": "2016-07-26 19:40:22 +0000",
    "end_time": 1469562022.7524185,
    "delta": 0.09191322326660156
  },
  {
    "channel": "Measure:addoutputvariablehvacpower",
    "start_time": 1469562022.7554874,
    "start_time_str": "2016-07-26 19:40:22 +0000",
    "end_time": 1469562022.8496633,
    "delta": 0.09417581558227539
  },
  {
    "channel": "Measure:addoutputvariabletotalpower",
    "start_time": 1469562022.8530517,
    "start_time_str": "2016-07-26 19:40:22 +0000",
    "end_time": 1469562022.9438589,
    "delta": 0.09080719947814941
  },
  {
    "channel": "Measure:addoutputvariablegasenergy",
    "start_time": 1469562022.9470124,
    "start_time_str": "2016-07-26 19:40:22 +0000",
    "end_time": 1469562023.0425916,
    "delta": 0.09557914733886719
  },
  {
    "channel": "Measure:addoutputvariablegasrate",
    "start_time": 1469562023.0464287,
    "start_time_str": "2016-07-26 19:40:23 +0000",
    "end_time": 1469562023.1412039,
    "delta": 0.09477519989013672
  },
  {
    "channel": "Measure:addoutputvariablelights",
    "start_time": 1469562023.1446505,
    "start_time_str": "2016-07-26 19:40:23 +0000",
    "end_time": 1469562023.242331,
    "delta": 0.09768056869506836
  },
  {
    "channel": "Translating to EnergyPlus",
    "start_time": 1469562023.246595,
    "start_time_str": "2016-07-26 19:40:23 +0000",
    "end_time": 1469562023.6002505,
    "delta": 0.3536555767059326
  },
  {
    "channel": "Saving OSM and IDF",
    "start_time": 1469562023.6075468,
    "start_time_str": "2016-07-26 19:40:23 +0000",
    "end_time": 1469562023.6884205,
    "delta": 0.08087372779846191
  },
  {
    "channel": "Copying EnergyPlus files",
    "start_time": 1469562025.7209003,
    "start_time_str": "2016-07-26 19:40:25 +0000",
    "end_time": 1469562025.882949,
    "delta": 0.1620488166809082
  },
  {
    "channel": "Running EnergyPlus",
    "start_time": 1469562025.992291,
    "start_time_str": "2016-07-26 19:40:25 +0000",
    "end_time": 1469562034.7058425,
    "delta": 8.71355152130127
  },
  {
    "channel": "Running standard post process",
    "start_time": 1469562037.3401682,
    "start_time_str": "2016-07-26 19:40:37 +0000",
    "end_time": 1469562037.5636976,
    "delta": 0.22352933883666992
  },
  {
    "channel": "Measure:standard_reports",
    "start_time": 1469562037.5777874,
    "start_time_str": "2016-07-26 19:40:37 +0000",
    "end_time": 1469562041.1454961,
    "delta": 3.567708730697632
  },
  {
    "channel": "Measure:calibration_reports",
    "start_time": 1469562041.1564949,
    "start_time_str": "2016-07-26 19:40:41 +0000",
    "end_time": 1469562041.2483654,
    "delta": 0.09187054634094238
  },
  {
    "channel": "Measure:calibration_reports_enhanced",
    "start_time": 1469562041.2578535,
    "start_time_str": "2016-07-26 19:40:41 +0000",
    "end_time": 1469562041.436778,
    "delta": 0.178924560546875
  }
]