[
  {
    "channel": "Measure:addmonthlyjsonutilitydataelectric",
    "start_time": 1469637452.862016,
    "start_time_str": "2016-07-27 16:37:32 +0000",
    "end_time": 1469637453.0313382,
    "delta": 0.16932225227355957
  },
  {
    "channel": "Measure:addmonthlyjsonutilitydatagas",
    "start_time": 1469637453.033194,
    "start_time_str": "2016-07-27 16:37:33 +0000",
    "end_time": 1469637453.1507115,
    "delta": 0.11751747131347656
  },
  {
    "channel": "Measure:reducespaceinfiltrationbypercentage",
    "start_time": 1469637453.1526163,
    "start_time_str": "2016-07-27 16:37:33 +0000",
    "end_time": 1469637453.2514374,
    "delta": 0.09882116317749023
  },
  {
    "channel": "Measure:change_lighting_loads_by_percentage",
    "start_time": 1469637453.2536032,
    "start_time_str": "2016-07-27 16:37:33 +0000",
    "end_time": 1469637453.3639545,
    "delta": 0.1103513240814209
  },
  {
    "channel": "Measure:change_electric_equipment_loads_by_percentage",
    "start_time": 1469637453.3662045,
    "start_time_str": "2016-07-27 16:37:33 +0000",
    "end_time": 1469637453.4780383,
    "delta": 0.11183381080627441
  },
  {
    "channel": "Measure:set_gas_burner_efficiency",
    "start_time": 1469637453.4804332,
    "start_time_str": "2016-07-27 16:37:33 +0000",
    "end_time": 1469637453.5692163,
    "delta": 0.08878302574157715
  },
  {
    "channel": "Measure:set_cop_for_single_speed_dx_cooling_units",
    "start_time": 1469637453.5715833,
    "start_time_str": "2016-07-27 16:37:33 +0000",
    "end_time": 1469637453.6593454,
    "delta": 0.08776211738586426
  },
  {
    "channel": "Measure:improve_fan_belt_efficiency",
    "start_time": 1469637453.6618457,
    "start_time_str": "2016-07-27 16:37:33 +0000",
    "end_time": 1469637453.7537131,
    "delta": 0.09186744689941406
  },
  {
    "channel": "Measure:adjust_thermostat_setpoints_by_degrees",
    "start_time": 1469637453.75627,
    "start_time_str": "2016-07-27 16:37:33 +0000",
    "end_time": 1469637453.8687458,
    "delta": 0.11247587203979492
  },
  {
    "channel": "Measure:insulation_thickness_walls",
    "start_time": 1469637453.871415,
    "start_time_str": "2016-07-27 16:37:33 +0000",
    "end_time": 1469637453.9767256,
    "delta": 0.10531067848205566
  },
  {
    "channel": "Measure:insulation_thickness_roof",
    "start_time": 1469637453.9794936,
    "start_time_str": "2016-07-27 16:37:33 +0000",
    "end_time": 1469637454.0821002,
    "delta": 0.10260653495788574
  },
  {
    "channel": "Measure:change_electric_baseboard",
    "start_time": 1469637454.0849245,
    "start_time_str": "2016-07-27 16:37:34 +0000",
    "end_time": 1469637454.169132,
    "delta": 0.08420753479003906
  },
  {
    "channel": "Measure:addoutputvariableelectricequipmentelectricpower",
    "start_time": 1469637454.1720755,
    "start_time_str": "2016-07-27 16:37:34 +0000",
    "end_time": 1469637454.2625048,
    "delta": 0.09042930603027344
  },
  {
    "channel": "Measure:addoutputvariablehvacpower",
    "start_time": 1469637454.265526,
    "start_time_str": "2016-07-27 16:37:34 +0000",
    "end_time": 1469637454.3579395,
    "delta": 0.09241342544555664
  },
  {
    "channel": "Measure:addoutputvariabletotalpower",
    "start_time": 1469637454.361655,
    "start_time_str": "2016-07-27 16:37:34 +0000",
    "end_time": 1469637454.4556677,
    "delta": 0.09401273727416992
  },
  {
    "channel": "Measure:addoutputvariablegasenergy",
    "start_time": 1469637454.4594455,
    "start_time_str": "2016-07-27 16:37:34 +0000",
    "end_time": 1469637454.5549834,
    "delta": 0.09553790092468262
  },
  {
    "channel": "Measure:addoutputvariablegasrate",
    "start_time": 1469637454.5586944,
    "start_time_str": "2016-07-27 16:37:34 +0000",
    "end_time": 1469637454.6542552,
    "delta": 0.09556078910827637
  },
  {
    "channel": "Measure:addoutputvariablelights",
    "start_time": 1469637454.6577425,
    "start_time_str": "2016-07-27 16:37:34 +0000",
    "end_time": 1469637454.7534,
    "delta": 0.0956575870513916
  },
  {
    "channel": "Translating to EnergyPlus",
    "start_time": 1469637454.7571242,
    "start_time_str": "2016-07-27 16:37:34 +0000",
    "end_time": 1469637455.1020753,
    "delta": 0.34495115280151367
  },
  {
    "channel": "Saving OSM and IDF",
    "start_time": 1469637455.1087103,
    "start_time_str": "2016-07-27 16:37:35 +0000",
    "end_time": 1469637455.1899102,
    "delta": 0.08119988441467285
  },
  {
    "channel": "Copying EnergyPlus files",
    "start_time": 1469637457.2329006,
    "start_time_str": "2016-07-27 16:37:37 +0000",
    "end_time": 1469637457.4518921,
    "delta": 0.21899151802062988
  },
  {
    "channel": "Running EnergyPlus",
    "start_time": 1469637457.566392,
    "start_time_str": "2016-07-27 16:37:37 +0000",
    "end_time": 1469637466.8108644,
    "delta": 9.24447250366211
  },
  {
    "channel": "Running standard post process",
    "start_time": 1469637469.5680387,
    "start_time_str": "2016-07-27 16:37:49 +0000",
    "end_time": 1469637469.788366,
    "delta": 0.22032737731933594
  },
  {
    "channel": "Measure:standard_reports",
    "start_time": 1469637469.8026307,
    "start_time_str": "2016-07-27 16:37:49 +0000",
    "end_time": 1469637473.430295,
    "delta": 3.62766432762146
  },
  {
    "channel": "Measure:calibration_reports",
    "start_time": 1469637473.4428048,
    "start_time_str": "2016-07-27 16:37:53 +0000",
    "end_time": 1469637473.5362089,
    "delta": 0.09340405464172363
  },
  {
    "channel": "Measure:calibration_reports_enhanced",
    "start_time": 1469637473.5452297,
    "start_time_str": "2016-07-27 16:37:53 +0000",
    "end_time": 1469637473.7310414,
    "delta": 0.18581175804138184
  },
  {
    "channel": "Measure:timeseries_elec",
    "start_time": 1469637473.7356114,
    "start_time_str": "2016-07-27 16:37:53 +0000",
    "end_time": 1469637474.4483292,
    "delta": 0.7127177715301514
  },
  {
    "channel": "Measure:timeseries_gas",
    "start_time": 1469637474.452743,
    "start_time_str": "2016-07-27 16:37:54 +0000",
    "end_time": 1469637475.059105,
    "delta": 0.6063618659973145
  }
]