{
  "addmonthlyjsonutilitydataelectric": {
    "consumption_unit": "kWh",
    "data_key_name": "tot_kwh",
    "end_date": "2013-12-31",
    "fuel_type": "Electricity",
    "json": "../../../lib/calibration_data/electric_truth.json",
    "remove_existing_data": true,
    "set_runperiod": true,
    "source": "AddMonthlyJSONUtilityData",
    "start_date": "2013-01-1",
    "variable_name": "Electric Bill",
    "applicable": true
  },
  "addmonthlyjsonutilitydatagas": {
    "consumption_unit": "therms",
    "data_key_name": "tot_therms",
    "end_date": "2013-12-31",
    "fuel_type": "Gas",
    "json": "../../../lib/calibration_data/gas_truth.json",
    "remove_existing_data": false,
    "set_runperiod": false,
    "source": "AddMonthlyJSONUtilityData",
    "start_date": "2013-01-1",
    "variable_name": "Gas Bill",
    "applicable": true
  },
  "reducespaceinfiltrationbypercentage": {
    "constant_coefficient": 1,
    "material_and_installation_cost": 0,
    "om_cost": 0,
    "om_frequency": 1,
    "source": "ReduceSpaceInfiltrationByPercentage",
    "space_infiltration_reduction_percent": 25,
    "space_type": "{ef611f95-658d-4609-9b31-7cfea756bfd5}",
    "temperature_coefficient": 0,
    "wind_speed_coefficient": 0,
    "wind_speed_squared_coefficient": 0,
    "applicable": true
  },
  "change_lighting_loads_by_percentage": {
    "demo_cost_initial_const": false,
    "demolition_cost": 0,
    "expected_life": 15,
    "lighting_power_change_percent": 10,
    "material_and_installation_cost": 0,
    "om_cost": 0,
    "om_frequency": 1,
    "source": "Change Lighting Loads by Percentage",
    "space_type": "{ef611f95-658d-4609-9b31-7cfea756bfd5}",
    "years_until_costs_start": 0,
    "applicable": true
  },
  "change_electric_equipment_loads_by_percentage": {
    "demo_cost_initial_const": false,
    "demolition_cost": 0,
    "elecequip_power_change_percent": 20,
    "expected_life": 15,
    "material_and_installation_cost": 0,
    "om_cost": 0,
    "om_frequency": 1,
    "source": "Change Electric Equipment Loads by Percentage",
    "space_type": "{ef611f95-658d-4609-9b31-7cfea756bfd5}",
    "years_until_costs_start": 0,
    "applicable": true
  },
  "set_gas_burner_efficiency": {
    "demo_cost_initial_const": false,
    "demolition_cost": 0,
    "eff": 0.82,
    "expected_life": 20,
    "material_cost": 0,
    "object": "{ef611f95-658d-4609-9b31-7cfea756bfd5}",
    "om_cost": 0,
    "om_frequency": 1,
    "remove_costs": true,
    "source": "Set Gas Burner Efficiency",
    "years_until_costs_start": 0,
    "applicable": true
  },
  "set_cop_for_single_speed_dx_cooling_units": {
    "cop": 3.3,
    "demo_cost_initial_const": false,
    "demolition_cost": 0,
    "expected_life": 20,
    "material_cost": 0,
    "object": "{ef611f95-658d-4609-9b31-7cfea756bfd5}",
    "om_cost": 0,
    "om_frequency": 1,
    "remove_costs": true,
    "source": "Set COP for Single Speed DX Cooling Units",
    "years_until_costs_start": 0,
    "applicable": true
  },
  "improve_fan_belt_efficiency": {
    "demo_cost_initial_const": false,
    "demolition_cost": 0,
    "expected_life": 20,
    "fan_eff": -9,
    "material_cost": 0,
    "motor_eff": 8,
    "object": "{ef611f95-658d-4609-9b31-7cfea756bfd5}",
    "om_cost": 0,
    "om_frequency": 1,
    "remove_costs": false,
    "source": "Improve Fan Belt Efficiency",
    "years_until_costs_start": 0,
    "applicable": true
  },
  "adjust_thermostat_setpoints_by_degrees": {
    "alter_design_days": false,
    "cooling_adjustment": 1,
    "heating_adjustment": 2,
    "source": "Adjust Thermostat Setpoints by Degrees",
    "applicable": true
  },
  "insulation_thickness_walls": {
    "construction": "{acf43842-a371-448b-a7d5-c978dc795025}",
    "final_r_value_ip": 23.2091064453125,
    "final_r_value_ip_units": "",
    "r_value_prct_inc": 110,
    "source": "Change R-value of Insulation for Construction By a Specified Percentage",
    "applicable": true
  },
  "insulation_thickness_roof": {
    "construction": "{76d4957f-67c7-49d6-acc8-8d978a384f56}",
    "final_r_value_ip": 25.43083953857422,
    "final_r_value_ip_units": "",
    "r_value_prct_inc": -20,
    "source": "Change R-value of Insulation for Construction By a Specified Percentage",
    "applicable": true
  },
  "change_electric_baseboard": {
    "base_eff": 1,
    "nom_cap": 2200,
    "source": "Change Electric Baseboard",
    "applicable": true
  },
  "addoutputvariableelectricequipmentelectricpower": {
    "key_value": "*",
    "reporting_frequency": "daily",
    "source": "AddOutputVariable",
    "variable_name": "Electric Equipment Electric Power",
    "applicable": true
  },
  "addoutputvariablehvacpower": {
    "key_value": "*",
    "reporting_frequency": "daily",
    "source": "AddOutputVariable",
    "variable_name": "Facility Total HVAC Electric Demand Power",
    "applicable": true
  },
  "addoutputvariabletotalpower": {
    "key_value": "*",
    "reporting_frequency": "daily",
    "source": "AddOutputVariable",
    "variable_name": "Facility Total Electric Demand Power",
    "applicable": true
  },
  "addoutputvariablegasenergy": {
    "key_value": "*",
    "reporting_frequency": "daily",
    "source": "AddOutputVariable",
    "variable_name": "Air System Gas Energy",
    "applicable": true
  },
  "addoutputvariablegasrate": {
    "key_value": "*",
    "reporting_frequency": "daily",
    "source": "AddOutputVariable",
    "variable_name": "Heating Coil Gas Rate",
    "applicable": true
  },
  "addoutputvariablelights": {
    "key_value": "*",
    "reporting_frequency": "daily",
    "source": "AddOutputVariable",
    "variable_name": "Lights Electric Power",
    "applicable": true
  }
}