{
  "standard_reports": {
    "3'0\"_x_3'0\"_double_pane__alum_construction": 198.00000000000037,
    "3'0\"_x_3'0\"_double_pane__alum_construction_units": "ft^2",
    "additional_fuel_cooling_ip": 0,
    "additional_fuel_cooling_ip_units": "MBtu",
    "additional_fuel_exterior_equipment_ip": 0,
    "additional_fuel_exterior_equipment_ip_units": "MBtu",
    "additional_fuel_exterior_lighting_ip": 0,
    "additional_fuel_exterior_lighting_ip_units": "MBtu",
    "additional_fuel_fans_ip": 0,
    "additional_fuel_fans_ip_units": "MBtu",
    "additional_fuel_generators_ip": 0,
    "additional_fuel_generators_ip_units": "MBtu",
    "additional_fuel_heat_recovery_ip": 0,
    "additional_fuel_heat_recovery_ip_units": "MBtu",
    "additional_fuel_heat_rejection_ip": 0,
    "additional_fuel_heat_rejection_ip_units": "MBtu",
    "additional_fuel_heating_ip": 0,
    "additional_fuel_heating_ip_units": "MBtu",
    "additional_fuel_humidification_ip": 0,
    "additional_fuel_humidification_ip_units": "MBtu",
    "additional_fuel_interior_equipment_ip": 0,
    "additional_fuel_interior_equipment_ip_units": "MBtu",
    "additional_fuel_interior_lighting_ip": 0,
    "additional_fuel_interior_lighting_ip_units": "MBtu",
    "additional_fuel_ip": 0,
    "additional_fuel_ip_units": "MBtu",
    "additional_fuel_pumps_ip": 0,
    "additional_fuel_pumps_ip_units": "MBtu",
    "additional_fuel_refrigeration_ip": 0,
    "additional_fuel_refrigeration_ip_units": "MBtu",
    "additional_fuel_water_systems_ip": 0,
    "additional_fuel_water_systems_ip_units": "MBtu",
    "air_loops_detail_section": true,
    "analysis_length": 25,
    "analysis_length_units": "yrs",
    "annual_overview_section": true,
    "building_name": "building_name",
    "building_name_display_name": "East entrance bldg v2",
    "building_summary_section": true,
    "cost_summary_section": true,
    "district_cooling_cooling_ip": 0,
    "district_cooling_cooling_ip_units": "MBtu",
    "district_cooling_exterior_equipment_ip": 0,
    "district_cooling_exterior_equipment_ip_units": "MBtu",
    "district_cooling_exterior_lighting_ip": 0,
    "district_cooling_exterior_lighting_ip_units": "MBtu",
    "district_cooling_fans_ip": 0,
    "district_cooling_fans_ip_units": "MBtu",
    "district_cooling_generators_ip": 0,
    "district_cooling_generators_ip_units": "MBtu",
    "district_cooling_heat_recovery_ip": 0,
    "district_cooling_heat_recovery_ip_units": "MBtu",
    "district_cooling_heat_rejection_ip": 0,
    "district_cooling_heat_rejection_ip_units": "MBtu",
    "district_cooling_heating_ip": 0,
    "district_cooling_heating_ip_units": "MBtu",
    "district_cooling_humidification_ip": 0,
    "district_cooling_humidification_ip_units": "MBtu",
    "district_cooling_interior_equipment_ip": 0,
    "district_cooling_interior_equipment_ip_units": "MBtu",
    "district_cooling_interior_lighting_ip": 0,
    "district_cooling_interior_lighting_ip_units": "MBtu",
    "district_cooling_ip": 0,
    "district_cooling_ip_units": "MBtu",
    "district_cooling_pumps_ip": 0,
    "district_cooling_pumps_ip_units": "MBtu",
    "district_cooling_refrigeration_ip": 0,
    "district_cooling_refrigeration_ip_units": "MBtu",
    "district_cooling_water_systems_ip": 0,
    "district_cooling_water_systems_ip_units": "MBtu",
    "district_heating_cooling_ip": 0,
    "district_heating_cooling_ip_units": "MBtu",
    "district_heating_exterior_equipment_ip": 0,
    "district_heating_exterior_equipment_ip_units": "MBtu",
    "district_heating_exterior_lighting_ip": 0,
    "district_heating_exterior_lighting_ip_units": "MBtu",
    "district_heating_fans_ip": 0,
    "district_heating_fans_ip_units": "MBtu",
    "district_heating_generators_ip": 0,
    "district_heating_generators_ip_units": "MBtu",
    "district_heating_heat_recovery_ip": 0,
    "district_heating_heat_recovery_ip_units": "MBtu",
    "district_heating_heat_rejection_ip": 0,
    "district_heating_heat_rejection_ip_units": "MBtu",
    "district_heating_heating_ip": 0,
    "district_heating_heating_ip_units": "MBtu",
    "district_heating_humidification_ip": 0,
    "district_heating_humidification_ip_units": "MBtu",
    "district_heating_interior_equipment_ip": 0,
    "district_heating_interior_equipment_ip_units": "MBtu",
    "district_heating_interior_lighting_ip": 0,
    "district_heating_interior_lighting_ip_units": "MBtu",
    "district_heating_ip": 0,
    "district_heating_ip_units": "MBtu",
    "district_heating_pumps_ip": 0,
    "district_heating_pumps_ip_units": "MBtu",
    "district_heating_refrigeration_ip": 0,
    "district_heating_refrigeration_ip_units": "MBtu",
    "district_heating_water_systems_ip": 0,
    "district_heating_water_systems_ip_units": "MBtu",
    "electricity_cooling_ip": 1878.199571188889,
    "electricity_cooling_ip_units": "kWh",
    "electricity_exterior_equipment_ip": 0,
    "electricity_exterior_equipment_ip_units": "kWh",
    "electricity_exterior_lighting_ip": 0,
    "electricity_exterior_lighting_ip_units": "kWh",
    "electricity_fans_ip": 3629.425,
    "electricity_fans_ip_units": "kWh",
    "electricity_generators_ip": 0,
    "electricity_generators_ip_units": "kWh",
    "electricity_heat_recovery_ip": 0,
    "electricity_heat_recovery_ip_units": "kWh",
    "electricity_heat_rejection_ip": 0,
    "electricity_heat_rejection_ip_units": "kWh",
    "electricity_heating_ip": 453.16055104444445,
    "electricity_heating_ip_units": "kWh",
    "electricity_humidification_ip": 0,
    "electricity_humidification_ip_units": "kWh",
    "electricity_interior_equipment_ip": 13370.338888888888,
    "electricity_interior_equipment_ip_units": "kWh",
    "electricity_interior_lighting_ip": 7395.241666666667,
    "electricity_interior_lighting_ip_units": "kWh",
    "electricity_ip": 27636.493690797226,
    "electricity_ip_units": "kWh",
    "electricity_pumps_ip": 12.596346341666663,
    "electricity_pumps_ip_units": "kWh",
    "electricity_refrigeration_ip": 0,
    "electricity_refrigeration_ip_units": "kWh",
    "electricity_water_systems_ip": 897.5316666666666,
    "electricity_water_systems_ip_units": "kWh",
    "end_use_cooling": 6407.243733318024,
    "end_use_cooling_units": "kBtu",
    "end_use_electricity_cooling": 1877.7777777777778,
    "end_use_electricity_cooling_units": "kWh",
    "end_use_electricity_exterior_equipment": 0,
    "end_use_electricity_exterior_equipment_units": "kWh",
    "end_use_electricity_exterior_lighting": 0,
    "end_use_electricity_exterior_lighting_units": "kWh",
    "end_use_electricity_fans": 3630.5555555555557,
    "end_use_electricity_fans_units": "kWh",
    "end_use_electricity_generators": 0,
    "end_use_electricity_generators_units": "kWh",
    "end_use_electricity_heat_recovery": 0,
    "end_use_electricity_heat_recovery_units": "kWh",
    "end_use_electricity_heat_rejection": 0,
    "end_use_electricity_heat_rejection_units": "kWh",
    "end_use_electricity_heating": 452.77777777777777,
    "end_use_electricity_heating_units": "kWh",
    "end_use_electricity_humidification": 0,
    "end_use_electricity_humidification_units": "kWh",
    "end_use_electricity_interior_equipment": 13369.444444444443,
    "end_use_electricity_interior_equipment_units": "kWh",
    "end_use_electricity_interior_lighting": 7394.444444444444,
    "end_use_electricity_interior_lighting_units": "kWh",
    "end_use_electricity_pumps": 13.88888888888889,
    "end_use_electricity_pumps_units": "kWh",
    "end_use_electricity_refrigeration": 0,
    "end_use_electricity_refrigeration_units": "kWh",
    "end_use_electricity_water_systems": 897.2222222222223,
    "end_use_electricity_water_systems_units": "kWh",
    "end_use_exterior_equipment": 0,
    "end_use_exterior_equipment_units": "kBtu",
    "end_use_exterior_lighting": 0,
    "end_use_exterior_lighting_units": "kBtu",
    "end_use_fans": 12387.969762495057,
    "end_use_fans_units": "kBtu",
    "end_use_generators": 0,
    "end_use_generators_units": "kBtu",
    "end_use_heat_recovery": 0,
    "end_use_heat_recovery_units": "kBtu",
    "end_use_heat_rejection": 0,
    "end_use_heat_rejection_units": "kBtu",
    "end_use_heating": 56831.1145339865,
    "end_use_heating_units": "kBtu",
    "end_use_humidification": 0,
    "end_use_humidification_units": "kBtu",
    "end_use_interior_equipment": 45618.43800067996,
    "end_use_interior_equipment_units": "kBtu",
    "end_use_interior_lighting": 25230.891742740507,
    "end_use_interior_lighting_units": "kBtu",
    "end_use_natural_gas_cooling": 0,
    "end_use_natural_gas_cooling_units": "therms",
    "end_use_natural_gas_exterior_equipment": 0,
    "end_use_natural_gas_exterior_equipment_units": "therms",
    "end_use_natural_gas_exterior_lighting": 0,
    "end_use_natural_gas_exterior_lighting_units": "therms",
    "end_use_natural_gas_fans": 0,
    "end_use_natural_gas_fans_units": "therms",
    "end_use_natural_gas_generators": 0,
    "end_use_natural_gas_generators_units": "therms",
    "end_use_natural_gas_heat_recovery": 0,
    "end_use_natural_gas_heat_recovery_units": "therms",
    "end_use_natural_gas_heat_rejection": 0,
    "end_use_natural_gas_heat_rejection_units": "therms",
    "end_use_natural_gas_heating": 552.9684,
    "end_use_natural_gas_heating_units": "therms",
    "end_use_natural_gas_humidification": 0,
    "end_use_natural_gas_humidification_units": "therms",
    "end_use_natural_gas_interior_equipment": 0,
    "end_use_natural_gas_interior_equipment_units": "therms",
    "end_use_natural_gas_interior_lighting": 0,
    "end_use_natural_gas_interior_lighting_units": "therms",
    "end_use_natural_gas_pumps": 0,
    "end_use_natural_gas_pumps_units": "therms",
    "end_use_natural_gas_refrigeration": 0,
    "end_use_natural_gas_refrigeration_units": "therms",
    "end_use_natural_gas_water_systems": 0,
    "end_use_natural_gas_water_systems_units": "therms",
    "end_use_pumps": 47.39085601566587,
    "end_use_pumps_units": "kBtu",
    "end_use_refrigeration": 0,
    "end_use_refrigeration_units": "kBtu",
    "end_use_water_systems": 3061.449298612015,
    "end_use_water_systems_units": "kBtu",
    "envelope_section_section": true,
    "eui": 169.0409268260644,
    "eui_units": "kBtu/ft^2",
    "exterior-roof": 884.8935977289597,
    "exterior-roof_units": "ft^2",
    "exterior-wall": 1361.666484197408,
    "exterior-wall_units": "ft^2",
    "exterior_light_section": true,
    "exterior_lighting_total_consumption": 0,
    "exterior_lighting_total_consumption_units": "kWh",
    "exterior_lighting_total_power": 0,
    "exterior_lighting_total_power_units": "W",
    "fuel_additional_fuel": 0,
    "fuel_additional_fuel_units": "kBtu",
    "fuel_district_cooling": 0,
    "fuel_district_cooling_units": "kBtu",
    "fuel_district_heating": 0,
    "fuel_district_heating_units": "kBtu",
    "fuel_electricity": 94298.32529997194,
    "fuel_electricity_units": "kBtu",
    "fuel_natural_gas": 55286.1726278758,
    "fuel_natural_gas_units": "kBtu",
    "gross_window-wall_ratio": 12.7,
    "gross_window-wall_ratio_conditioned": 15,
    "gross_window-wall_ratio_conditioned_units": "%",
    "gross_window-wall_ratio_units": "%",
    "hvac_load_profile": true,
    "inflation_approach": "Constant Dollar",
    "interior_lighting_section": true,
    "monthly_overview_section": true,
    "natural_gas_cooling_ip": 0,
    "natural_gas_cooling_ip_units": "MBtu",
    "natural_gas_exterior_equipment_ip": 0,
    "natural_gas_exterior_equipment_ip_units": "MBtu",
    "natural_gas_exterior_lighting_ip": 0,
    "natural_gas_exterior_lighting_ip_units": "MBtu",
    "natural_gas_fans_ip": 0,
    "natural_gas_fans_ip_units": "MBtu",
    "natural_gas_generators_ip": 0,
    "natural_gas_generators_ip_units": "MBtu",
    "natural_gas_heat_recovery_ip": 0,
    "natural_gas_heat_recovery_ip_units": "MBtu",
    "natural_gas_heat_rejection_ip": 0,
    "natural_gas_heat_rejection_ip_units": "MBtu",
    "natural_gas_heating_ip": 55.285924398078905,
    "natural_gas_heating_ip_units": "MBtu",
    "natural_gas_humidification_ip": 0,
    "natural_gas_humidification_ip_units": "MBtu",
    "natural_gas_interior_equipment_ip": 0,
    "natural_gas_interior_equipment_ip_units": "MBtu",
    "natural_gas_interior_lighting_ip": 0,
    "natural_gas_interior_lighting_ip_units": "MBtu",
    "natural_gas_ip": 55.285924398078905,
    "natural_gas_ip_units": "MBtu",
    "natural_gas_pumps_ip": 0,
    "natural_gas_pumps_ip_units": "MBtu",
    "natural_gas_refrigeration_ip": 0,
    "natural_gas_refrigeration_ip_units": "MBtu",
    "natural_gas_water_systems_ip": 0,
    "natural_gas_water_systems_ip_units": "MBtu",
    "net_site_energy": 149584.49792784773,
    "net_site_energy_units": "kBtu",
    "outdoor_air_section": true,
    "plant_loops_detail_section": true,
    "plug_loads_section": true,
    "schedules_overview_section": true,
    "skylight_roof_ratio": 0,
    "skylight_roof_ratio_units": "%",
    "source": "OpenStudio Results",
    "source_energy_section": true,
    "space_type_breakdown_section": true,
    "space_type_details_section": true,
    "space_type_entry_way": 134.02431004174898,
    "space_type_entry_way_units": "ft^2",
    "space_type_open_area": 383.76965692882305,
    "space_type_open_area_units": "ft^2",
    "space_type_small_office": 190.16681007129264,
    "space_type_small_office_units": "ft^2",
    "space_type_utility": 176.93282068709485,
    "space_type_utility_units": "ft^2",
    "total_building_area": 884.9010753577062,
    "total_building_area_units": "ft^2",
    "unmet_hours_during_cooling": 0,
    "unmet_hours_during_cooling_units": "hr",
    "unmet_hours_during_heating": 124,
    "unmet_hours_during_heating_units": "hr",
    "unmet_hours_during_occupied_cooling": 0,
    "unmet_hours_during_occupied_cooling_units": "hr",
    "unmet_hours_during_occupied_heating": 124,
    "unmet_hours_during_occupied_heating_units": "hr",
    "unmet_hours_tolerance_cooling": 0.36,
    "unmet_hours_tolerance_cooling_units": "F",
    "unmet_hours_tolerance_heating": 0.36,
    "unmet_hours_tolerance_heating_units": "F",
    "utility_1_water_fixture_1": 0.2666376581822811,
    "utility_1_water_fixture_1_units": "gal/min",
    "utility_1_water_fixture_2": 0.2777769130568054,
    "utility_1_water_fixture_2_units": "gal/min",
    "utility_bills_rates_section": true,
    "water_cooling_ip": 0,
    "water_cooling_ip_units": "MBtu",
    "water_exterior_equipment_ip": 0,
    "water_exterior_equipment_ip_units": "MBtu",
    "water_exterior_lighting_ip": 0,
    "water_exterior_lighting_ip_units": "MBtu",
    "water_fans_ip": 0,
    "water_fans_ip_units": "MBtu",
    "water_generators_ip": 0,
    "water_generators_ip_units": "MBtu",
    "water_heat_recovery_ip": 0,
    "water_heat_recovery_ip_units": "MBtu",
    "water_heat_rejection_ip": 0,
    "water_heat_rejection_ip_units": "MBtu",
    "water_heating_ip": 0,
    "water_heating_ip_units": "MBtu",
    "water_humidification_ip": 0,
    "water_humidification_ip_units": "MBtu",
    "water_interior_equipment_ip": 0,
    "water_interior_equipment_ip_units": "MBtu",
    "water_interior_lighting_ip": 0,
    "water_interior_lighting_ip_units": "MBtu",
    "water_ip": 0,
    "water_ip_units": "MBtu",
    "water_pumps_ip": 0,
    "water_pumps_ip_units": "MBtu",
    "water_refrigeration_ip": 0,
    "water_refrigeration_ip_units": "MBtu",
    "water_use_section": true,
    "water_water_systems_ip": 0,
    "water_water_systems_ip_units": "MBtu",
    "zone_condition_section": true,
    "zone_equipment_detail_section": true,
    "zone_summary_section": true,
    "applicable": true
  },
  "calibration_reports": {
    "applicable": true
  },
  "calibration_reports_enhanced": {
    "ashrae_max_cvrmse": 15,
    "ashrae_max_cvrmse_units": "%",
    "ashrae_max_nmbe": 5,
    "ashrae_max_nmbe_units": "%",
    "electric_bill_consumption_actual": 27560.53,
    "electric_bill_consumption_actual_units": "kWh",
    "electric_bill_consumption_cvrmse": 0.00012895576542144694,
    "electric_bill_consumption_cvrmse_units": "%",
    "electric_bill_consumption_modeled": 27560.52796319979,
    "electric_bill_consumption_modeled_units": "kWh",
    "electric_bill_consumption_nmbe": 8.062123137758369e-06,
    "electric_bill_consumption_nmbe_units": "%",
    "electric_bill_cvrmse_within_limit": 1,
    "electric_bill_dof": 12,
    "electric_bill_fuel_type": "Electricity",
    "electric_bill_nmbe_within_limit": 1,
    "electric_bill_period_10_consumption_actual": 2213.55,
    "electric_bill_period_10_consumption_actual_units": "kWh",
    "electric_bill_period_10_consumption_modeled": 2213.547449357024,
    "electric_bill_period_10_consumption_modeled_units": "kWh",
    "electric_bill_period_10_consumption_nmbe": -0.0001152286135879164,
    "electric_bill_period_10_consumption_nmbe_units": "%",
    "electric_bill_period_10_end_date": "2013-Oct-31",
    "electric_bill_period_10_peak_demand_modeled": 6.554905759682953,
    "electric_bill_period_10_peak_demand_modeled_units": "kW",
    "electric_bill_period_10_start_date": "2013-Oct-01",
    "electric_bill_period_11_consumption_actual": 2100.59,
    "electric_bill_period_11_consumption_actual_units": "kWh",
    "electric_bill_period_11_consumption_modeled": 2100.5867690290647,
    "electric_bill_period_11_consumption_modeled_units": "kWh",
    "electric_bill_period_11_consumption_nmbe": -0.00015381254482880826,
    "electric_bill_period_11_consumption_nmbe_units": "%",
    "electric_bill_period_11_end_date": "2013-Nov-30",
    "electric_bill_period_11_peak_demand_modeled": 6.047993071898097,
    "electric_bill_period_11_peak_demand_modeled_units": "kW",
    "electric_bill_period_11_start_date": "2013-Nov-01",
    "electric_bill_period_12_consumption_actual": 2378.61,
    "electric_bill_period_12_consumption_actual_units": "kWh",
    "electric_bill_period_12_consumption_modeled": 2378.6074736858172,
    "electric_bill_period_12_consumption_modeled_units": "kWh",
    "electric_bill_period_12_consumption_nmbe": -0.00010620968476914208,
    "electric_bill_period_12_consumption_nmbe_units": "%",
    "electric_bill_period_12_end_date": "2013-Dec-31",
    "electric_bill_period_12_peak_demand_modeled": 7.393738255984221,
    "electric_bill_period_12_peak_demand_modeled_units": "kW",
    "electric_bill_period_12_start_date": "2013-Dec-01",
    "electric_bill_period_1_consumption_actual": 2234.95,
    "electric_bill_period_1_consumption_actual_units": "kWh",
    "electric_bill_period_1_consumption_modeled": 2234.953688185619,
    "electric_bill_period_1_consumption_modeled_units": "kWh",
    "electric_bill_period_1_consumption_nmbe": 0.00016502318257733168,
    "electric_bill_period_1_consumption_nmbe_units": "%",
    "electric_bill_period_1_end_date": "2013-Jan-30",
    "electric_bill_period_1_peak_demand_modeled": 6.747322404495875,
    "electric_bill_period_1_peak_demand_modeled_units": "kW",
    "electric_bill_period_1_start_date": "2013-Jan-01",
    "electric_bill_period_2_consumption_actual": 1961.6,
    "electric_bill_period_2_consumption_actual_units": "kWh",
    "electric_bill_period_2_consumption_modeled": 1961.6034173426408,
    "electric_bill_period_2_consumption_modeled_units": "kWh",
    "electric_bill_period_2_consumption_nmbe": 0.00017421200249220024,
    "electric_bill_period_2_consumption_nmbe_units": "%",
    "electric_bill_period_2_end_date": "2013-Feb-28",
    "electric_bill_period_2_peak_demand_modeled": 5.515007667447195,
    "electric_bill_period_2_peak_demand_modeled_units": "kW",
    "electric_bill_period_2_start_date": "2013-Feb-01",
    "electric_bill_period_3_consumption_actual": 2168.52,
    "electric_bill_period_3_consumption_actual_units": "kWh",
    "electric_bill_period_3_consumption_modeled": 2168.521742235262,
    "electric_bill_period_3_consumption_modeled_units": "kWh",
    "electric_bill_period_3_consumption_nmbe": 8.034213482465975e-05,
    "electric_bill_period_3_consumption_nmbe_units": "%",
    "electric_bill_period_3_end_date": "2013-Mar-31",
    "electric_bill_period_3_peak_demand_modeled": 6.227972328469042,
    "electric_bill_period_3_peak_demand_modeled_units": "kW",
    "electric_bill_period_3_start_date": "2013-Mar-01",
    "electric_bill_period_4_consumption_actual": 2148.87,
    "electric_bill_period_4_consumption_actual_units": "kWh",
    "electric_bill_period_4_consumption_modeled": 2148.873977249903,
    "electric_bill_period_4_consumption_modeled_units": "kWh",
    "electric_bill_period_4_consumption_nmbe": 0.00018508564515644238,
    "electric_bill_period_4_consumption_nmbe_units": "%",
    "electric_bill_period_4_end_date": "2013-Apr-30",
    "electric_bill_period_4_peak_demand_modeled": 6.468507933713357,
    "electric_bill_period_4_peak_demand_modeled_units": "kW",
    "electric_bill_period_4_start_date": "2013-Apr-01",
    "electric_bill_period_5_consumption_actual": 2312.54,
    "electric_bill_period_5_consumption_actual_units": "kWh",
    "electric_bill_period_5_consumption_modeled": 2312.5376960902618,
    "electric_bill_period_5_consumption_modeled_units": "kWh",
    "electric_bill_period_5_consumption_nmbe": -9.962680594508602e-05,
    "electric_bill_period_5_consumption_nmbe_units": "%",
    "electric_bill_period_5_end_date": "2013-May-31",
    "electric_bill_period_5_peak_demand_modeled": 6.983489392811459,
    "electric_bill_period_5_peak_demand_modeled_units": "kW",
    "electric_bill_period_5_start_date": "2013-May-01",
    "electric_bill_period_6_consumption_actual": 2449.8,
    "electric_bill_period_6_consumption_actual_units": "kWh",
    "electric_bill_period_6_consumption_modeled": 2449.796917075462,
    "electric_bill_period_6_consumption_modeled_units": "kWh",
    "electric_bill_period_6_consumption_nmbe": -0.00012584392760125985,
    "electric_bill_period_6_consumption_nmbe_units": "%",
    "electric_bill_period_6_end_date": "2013-Jun-30",
    "electric_bill_period_6_peak_demand_modeled": 7.78431076335178,
    "electric_bill_period_6_peak_demand_modeled_units": "kW",
    "electric_bill_period_6_start_date": "2013-Jun-01",
    "electric_bill_period_7_consumption_actual": 2646.9,
    "electric_bill_period_7_consumption_actual_units": "kWh",
    "electric_bill_period_7_consumption_modeled": 2646.902303387661,
    "electric_bill_period_7_consumption_modeled_units": "kWh",
    "electric_bill_period_7_consumption_nmbe": 8.702208851708917e-05,
    "electric_bill_period_7_consumption_nmbe_units": "%",
    "electric_bill_period_7_end_date": "2013-Jul-31",
    "electric_bill_period_7_peak_demand_modeled": 7.770233503784044,
    "electric_bill_period_7_peak_demand_modeled_units": "kW",
    "electric_bill_period_7_start_date": "2013-Jul-01",
    "electric_bill_period_8_consumption_actual": 2613.42,
    "electric_bill_period_8_consumption_actual_units": "kWh",
    "electric_bill_period_8_consumption_modeled": 2613.4170629158752,
    "electric_bill_period_8_consumption_modeled_units": "kWh",
    "electric_bill_period_8_consumption_nmbe": -0.00011238469610027248,
    "electric_bill_period_8_consumption_nmbe_units": "%",
    "electric_bill_period_8_end_date": "2013-Aug-31",
    "electric_bill_period_8_peak_demand_modeled": 7.729283555277328,
    "electric_bill_period_8_peak_demand_modeled_units": "kW",
    "electric_bill_period_8_start_date": "2013-Aug-01",
    "electric_bill_period_9_consumption_actual": 2331.18,
    "electric_bill_period_9_consumption_actual_units": "kWh",
    "electric_bill_period_9_consumption_modeled": 2331.1794666451983,
    "electric_bill_period_9_consumption_modeled_units": "kWh",
    "electric_bill_period_9_consumption_nmbe": -2.287917713427218e-05,
    "electric_bill_period_9_consumption_nmbe_units": "%",
    "electric_bill_period_9_end_date": "2013-Sep-30",
    "electric_bill_period_9_peak_demand_modeled": 7.607034908169368,
    "electric_bill_period_9_peak_demand_modeled_units": "kW",
    "electric_bill_period_9_start_date": "2013-Sep-01",
    "electric_bill_rmse": 0.0028356511527550454,
    "electric_bill_rmse_units": "kWh^0.5",
    "electric_bill_sum_of_squares": 9.64910095214522e-05,
    "electric_bill_sum_of_squares_units": "kWh",
    "electric_cvrmse_limit": 15,
    "electric_nmbe_limit": 5,
    "femp_max_cvrmse": 10,
    "femp_max_cvrmse_units": "%",
    "femp_max_nmbe": 15,
    "femp_max_nmbe_units": "%",
    "gas_bill_consumption_actual": 550.64,
    "gas_bill_consumption_actual_units": "therms",
    "gas_bill_consumption_cvrmse": 0.004794281460462883,
    "gas_bill_consumption_cvrmse_units": "%",
    "gas_bill_consumption_modeled": 550.6436101819482,
    "gas_bill_consumption_modeled_units": "therms",
    "gas_bill_consumption_nmbe": -0.0007152368711289944,
    "gas_bill_consumption_nmbe_units": "%",
    "gas_bill_cvrmse_within_limit": 1,
    "gas_bill_dof": 12,
    "gas_bill_fuel_type": "NaturalGas",
    "gas_bill_nmbe_within_limit": 1,
    "gas_bill_period_10_consumption_actual": 38.33,
    "gas_bill_period_10_consumption_actual_units": "therms",
    "gas_bill_period_10_consumption_modeled": 38.3302482702411,
    "gas_bill_period_10_consumption_modeled_units": "therms",
    "gas_bill_period_10_consumption_nmbe": 0.0006477178218145643,
    "gas_bill_period_10_consumption_nmbe_units": "%",
    "gas_bill_period_10_end_date": "2013-Oct-31",
    "gas_bill_period_10_start_date": "2013-Oct-01",
    "gas_bill_period_11_consumption_actual": 58.05,
    "gas_bill_period_11_consumption_actual_units": "therms",
    "gas_bill_period_11_consumption_modeled": 58.05072901383386,
    "gas_bill_period_11_consumption_modeled_units": "therms",
    "gas_bill_period_11_consumption_nmbe": 0.001255837784430342,
    "gas_bill_period_11_consumption_nmbe_units": "%",
    "gas_bill_period_11_end_date": "2013-Nov-30",
    "gas_bill_period_11_start_date": "2013-Nov-01",
    "gas_bill_period_12_consumption_actual": 101.91,
    "gas_bill_period_12_consumption_actual_units": "therms",
    "gas_bill_period_12_consumption_modeled": 101.90816486633683,
    "gas_bill_period_12_consumption_modeled_units": "therms",
    "gas_bill_period_12_consumption_nmbe": -0.0018007395379883244,
    "gas_bill_period_12_consumption_nmbe_units": "%",
    "gas_bill_period_12_end_date": "2013-Dec-31",
    "gas_bill_period_12_start_date": "2013-Dec-01",
    "gas_bill_period_1_consumption_actual": 88.94,
    "gas_bill_period_1_consumption_actual_units": "therms",
    "gas_bill_period_1_consumption_modeled": 88.9397749425229,
    "gas_bill_period_1_consumption_modeled_units": "therms",
    "gas_bill_period_1_consumption_nmbe": -0.00025304416133960786,
    "gas_bill_period_1_consumption_nmbe_units": "%",
    "gas_bill_period_1_end_date": "2013-Jan-30",
    "gas_bill_period_1_start_date": "2013-Jan-01",
    "gas_bill_period_2_consumption_actual": 98.73,
    "gas_bill_period_2_consumption_actual_units": "therms",
    "gas_bill_period_2_consumption_modeled": 98.73068658176439,
    "gas_bill_period_2_consumption_modeled_units": "therms",
    "gas_bill_period_2_consumption_nmbe": 0.0006954135160378674,
    "gas_bill_period_2_consumption_nmbe_units": "%",
    "gas_bill_period_2_end_date": "2013-Feb-28",
    "gas_bill_period_2_start_date": "2013-Feb-01",
    "gas_bill_period_3_consumption_actual": 74.16,
    "gas_bill_period_3_consumption_actual_units": "therms",
    "gas_bill_period_3_consumption_modeled": 74.16028042554909,
    "gas_bill_period_3_consumption_modeled_units": "therms",
    "gas_bill_period_3_consumption_nmbe": 0.0003781358536851549,
    "gas_bill_period_3_consumption_nmbe_units": "%",
    "gas_bill_period_3_end_date": "2013-Mar-31",
    "gas_bill_period_3_start_date": "2013-Mar-01",
    "gas_bill_period_4_consumption_actual": 65.19,
    "gas_bill_period_4_consumption_actual_units": "therms",
    "gas_bill_period_4_consumption_modeled": 65.1917082318919,
    "gas_bill_period_4_consumption_modeled_units": "therms",
    "gas_bill_period_4_consumption_nmbe": 0.0026203894644832287,
    "gas_bill_period_4_consumption_nmbe_units": "%",
    "gas_bill_period_4_end_date": "2013-Apr-30",
    "gas_bill_period_4_start_date": "2013-Apr-01",
    "gas_bill_period_5_consumption_actual": 18.13,
    "gas_bill_period_5_consumption_actual_units": "therms",
    "gas_bill_period_5_consumption_modeled": 18.130043742450347,
    "gas_bill_period_5_consumption_modeled_units": "therms",
    "gas_bill_period_5_consumption_nmbe": 0.00024127109954829248,
    "gas_bill_period_5_consumption_nmbe_units": "%",
    "gas_bill_period_5_end_date": "2013-May-31",
    "gas_bill_period_5_start_date": "2013-May-01",
    "gas_bill_period_6_consumption_actual": 2.19,
    "gas_bill_period_6_consumption_actual_units": "therms",
    "gas_bill_period_6_consumption_modeled": 2.185205654719429,
    "gas_bill_period_6_consumption_modeled_units": "therms",
    "gas_bill_period_6_consumption_nmbe": -0.21891987582514916,
    "gas_bill_period_6_consumption_nmbe_units": "%",
    "gas_bill_period_6_end_date": "2013-Jun-30",
    "gas_bill_period_6_start_date": "2013-Jun-01",
    "gas_bill_period_7_consumption_actual": 0.61,
    "gas_bill_period_7_consumption_actual_units": "therms",
    "gas_bill_period_7_consumption_modeled": 0.6105741828763739,
    "gas_bill_period_7_consumption_modeled_units": "therms",
    "gas_bill_period_7_consumption_nmbe": 0.09412834038916337,
    "gas_bill_period_7_consumption_nmbe_units": "%",
    "gas_bill_period_7_end_date": "2013-Jul-31",
    "gas_bill_period_7_start_date": "2013-Jul-01",
    "gas_bill_period_8_consumption_actual": 0.53,
    "gas_bill_period_8_consumption_actual_units": "therms",
    "gas_bill_period_8_consumption_modeled": 0.531821299810121,
    "gas_bill_period_8_consumption_modeled_units": "therms",
    "gas_bill_period_8_consumption_nmbe": 0.3436414736077404,
    "gas_bill_period_8_consumption_nmbe_units": "%",
    "gas_bill_period_8_end_date": "2013-Aug-31",
    "gas_bill_period_8_start_date": "2013-Aug-01",
    "gas_bill_period_9_consumption_actual": 3.87,
    "gas_bill_period_9_consumption_actual_units": "therms",
    "gas_bill_period_9_consumption_modeled": 3.8743729699518887,
    "gas_bill_period_9_consumption_modeled_units": "therms",
    "gas_bill_period_9_consumption_nmbe": 0.11299663958368547,
    "gas_bill_period_9_consumption_nmbe_units": "%",
    "gas_bill_period_9_end_date": "2013-Sep-30",
    "gas_bill_period_9_start_date": "2013-Sep-01",
    "gas_bill_rmse": 0.0021062783165613154,
    "gas_bill_rmse_units": "therms^0.5",
    "gas_bill_sum_of_squares": 5.323690016179643e-05,
    "gas_bill_sum_of_squares_units": "therms",
    "gas_cvrmse_limit": 15,
    "gas_nmbe_limit": 5,
    "source": "Calibration Reports Enhanced",
    "total_dof": 24,
    "total_rmse": 157301.89517165875,
    "total_rmse_units": "kBtu^0.5",
    "total_sum_of_squares": 593853269390.2924,
    "total_sum_of_squares_units": "kBtu",
    "applicable": true
  },
  "timeseries_elec": {
    "algorithm_download": false,
    "compute_diff": true,
    "csv_name": "../../../lib/calibration_data/metered_data.csv",
    "csv_time_header": "Date and Time",
    "csv_var": "Elec [W]",
    "csv_var_dn": "",
    "csvdata": 1148344.4880999986,
    "csvdata_units": "",
    "cvrmse": 9.153687889734087e-09,
    "cvrmse_units": "",
    "diff": 5.509568648793512e-06,
    "diff_units": "",
    "env": "RUN PERIOD 1",
    "find_avail": true,
    "nmbe": 7.166712464835682e-10,
    "nmbe_units": "",
    "norm": 2,
    "plot_flag": true,
    "plot_name": "",
    "scale": 1,
    "seconds": false,
    "simdata": 1148344.4880917699,
    "simdata_units": "",
    "source": "timeseries diff",
    "sql_key": "Whole Building",
    "sql_var": "Facility Total Electric Demand Power",
    "stp": "Daily",
    "verbose_messages": false,
    "warning_messages": false,
    "year": true,
    "applicable": true
  },
  "timeseries_gas": {
    "algorithm_download": false,
    "compute_diff": true,
    "csv_name": "../../../lib/calibration_data/metered_data.csv",
    "csv_time_header": "Date and Time",
    "csv_var": "Gas [W]",
    "csv_var_dn": "",
    "csvdata": 673560.6633749936,
    "csvdata_units": "",
    "cvrmse": 1.0828057117045737e-08,
    "cvrmse_units": "",
    "diff": 3.822755854873336e-06,
    "diff_units": "",
    "env": "RUN PERIOD 1",
    "find_avail": false,
    "nmbe": -9.067627107823782e-10,
    "nmbe_units": "",
    "norm": 2,
    "plot_flag": true,
    "plot_name": "",
    "scale": 1,
    "seconds": false,
    "simdata": 673560.6633811012,
    "simdata_units": "",
    "source": "timeseries diff",
    "sql_key": "OS:COIL:HEATING:GAS 1",
    "sql_var": "Heating Coil Gas Rate",
    "stp": "Daily",
    "verbose_messages": false,
    "warning_messages": false,
    "year": true,
    "applicable": true
  }
}