{
  "addmonthlyjsonutilitydataelectric": {
    "consumption_unit": "kWh",
    "data_key_name": "tot_kwh",
    "end_date": "2013-12-31",
    "fuel_type": "Electricity",
    "json": "../../../lib/calibration_data/electric_truth.json",
    "remove_existing_data": true,
    "set_runperiod": true,
    "source": "AddMonthlyJSONUtilityData",
    "start_date": "2013-01-1",
    "variable_name": "Electric Bill",
    "applicable": true
  },
  "addmonthlyjsonutilitydatagas": {
    "consumption_unit": "therms",
    "data_key_name": "tot_therms",
    "end_date": "2013-12-31",
    "fuel_type": "Gas",
    "json": "../../../lib/calibration_data/gas_truth.json",
    "remove_existing_data": false,
    "set_runperiod": false,
    "source": "AddMonthlyJSONUtilityData",
    "start_date": "2013-01-1",
    "variable_name": "Gas Bill",
    "applicable": true
  },
  "reducespaceinfiltrationbypercentage": {
    "constant_coefficient": 1,
    "material_and_installation_cost": 0,
    "om_cost": 0,
    "om_frequency": 1,
    "source": "ReduceSpaceInfiltrationByPercentage",
    "space_infiltration_reduction_percent": 25,
    "space_type": "{ef611f95-658d-4609-9b31-7cfea756bfd5}",
    "temperature_coefficient": 0,
    "wind_speed_coefficient": 0,
    "wind_speed_squared_coefficient": 0,
    "applicable": true
  },
  "change_lighting_loads_by_percentage": {
    "demo_cost_initial_const": false,
    "demolition_cost": 0,
    "expected_life": 15,
    "lighting_power_change_percent": 10,
    "material_and_installation_cost": 0,
    "om_cost": 0,
    "om_frequency": 1,
    "source": "Change Lighting Loads by Percentage",
    "space_type": "{ef611f95-658d-4609-9b31-7cfea756bfd5}",
    "years_until_costs_start": 0,
    "applicable": true
  },
  "change_electric_equipment_loads_by_percentage": {
    "demo_cost_initial_const": false,
    "demolition_cost": 0,
    "elecequip_power_change_percent": 20,
    "expected_life": 15,
    "material_and_installation_cost": 0,
    "om_cost": 0,
    "om_frequency": 1,
    "source": "Change Electric Equipment Loads by Percentage",
    "space_type": "{ef611f95-658d-4609-9b31-7cfea756bfd5}",
    "years_until_costs_start": 0,
    "applicable": true
  },
  "set_gas_burner_efficiency": {
    "demo_cost_initial_const": false,
    "demolition_cost": 0,
    "eff": 0.82,
    "expected_life": 20,
    "material_cost": 0,
    "object": "{ef611f95-658d-4609-9b31-7cfea756bfd5}",
    "om_cost": 0,
    "om_frequency": 1,
    "remove_costs": true,
    "source": "Set Gas Burner Efficiency",
    "years_until_costs_start": 0,
    "applicable": true
  },
  "set_cop_for_single_speed_dx_cooling_units": {
    "cop": 3.3,
    "demo_cost_initial_const": false,
    "demolition_cost": 0,
    "expected_life": 20,
    "material_cost": 0,
    "object": "{ef611f95-658d-4609-9b31-7cfea756bfd5}",
    "om_cost": 0,
    "om_frequency": 1,
    "remove_costs": true,
    "source": "Set COP for Single Speed DX Cooling Units",
    "years_until_costs_start": 0,
    "applicable": true
  },
  "improve_fan_belt_efficiency": {
    "demo_cost_initial_const": false,
    "demolition_cost": 0,
    "expected_life": 20,
    "fan_eff": -9,
    "material_cost": 0,
    "motor_eff": 8,
    "object": "{ef611f95-658d-4609-9b31-7cfea756bfd5}",
    "om_cost": 0,
    "om_frequency": 1,
    "remove_costs": false,
    "source": "Improve Fan Belt Efficiency",
    "years_until_costs_start": 0,
    "applicable": true
  },
  "adjust_thermostat_setpoints_by_degrees": {
    "alter_design_days": false,
    "cooling_adjustment": 1,
    "heating_adjustment": 2,
    "source": "Adjust Thermostat Setpoints by Degrees",
    "applicable": true
  },
  "insulation_thickness_walls": {
    "construction": "{acf43842-a371-448b-a7d5-c978dc795025}",
    "final_r_value_ip": 23.2091064453125,
    "final_r_value_ip_units": "",
    "r_value_prct_inc": 110,
    "source": "Change R-value of Insulation for Construction By a Specified Percentage",
    "applicable": true
  },
  "insulation_thickness_roof": {
    "construction": "{76d4957f-67c7-49d6-acc8-8d978a384f56}",
    "final_r_value_ip": 25.43083953857422,
    "final_r_value_ip_units": "",
    "r_value_prct_inc": -20,
    "source": "Change R-value of Insulation for Construction By a Specified Percentage",
    "applicable": true
  },
  "change_electric_baseboard": {
    "base_eff": 1,
    "nom_cap": 2200,
    "source": "Change Electric Baseboard",
    "applicable": true
  },
  "addoutputvariableelectricequipmentelectricpower": {
    "key_value": "*",
    "reporting_frequency": "daily",
    "source": "AddOutputVariable",
    "variable_name": "Electric Equipment Electric Power",
    "applicable": true
  },
  "addoutputvariablehvacpower": {
    "key_value": "*",
    "reporting_frequency": "daily",
    "source": "AddOutputVariable",
    "variable_name": "Facility Total HVAC Electric Demand Power",
    "applicable": true
  },
  "addoutputvariabletotalpower": {
    "key_value": "*",
    "reporting_frequency": "daily",
    "source": "AddOutputVariable",
    "variable_name": "Facility Total Electric Demand Power",
    "applicable": true
  },
  "addoutputvariablegasenergy": {
    "key_value": "*",
    "reporting_frequency": "daily",
    "source": "AddOutputVariable",
    "variable_name": "Air System Gas Energy",
    "applicable": true
  },
  "addoutputvariablegasrate": {
    "key_value": "*",
    "reporting_frequency": "daily",
    "source": "AddOutputVariable",
    "variable_name": "Heating Coil Gas Rate",
    "applicable": true
  },
  "addoutputvariablelights": {
    "key_value": "*",
    "reporting_frequency": "daily",
    "source": "AddOutputVariable",
    "variable_name": "Lights Electric Power",
    "applicable": true
  },
  "standard_reports": {
    "3_0_x_3_0_double_pane_alum_construction": 198.00000000000037,
    "3_0_x_3_0_double_pane_alum_construction_units": "ft^2",
    "additional_fuel_cooling_ip": 0,
    "additional_fuel_cooling_ip_units": "MBtu",
    "additional_fuel_exterior_equipment_ip": 0,
    "additional_fuel_exterior_equipment_ip_units": "MBtu",
    "additional_fuel_exterior_lighting_ip": 0,
    "additional_fuel_exterior_lighting_ip_units": "MBtu",
    "additional_fuel_fans_ip": 0,
    "additional_fuel_fans_ip_units": "MBtu",
    "additional_fuel_generators_ip": 0,
    "additional_fuel_generators_ip_units": "MBtu",
    "additional_fuel_heat_recovery_ip": 0,
    "additional_fuel_heat_recovery_ip_units": "MBtu",
    "additional_fuel_heat_rejection_ip": 0,
    "additional_fuel_heat_rejection_ip_units": "MBtu",
    "additional_fuel_heating_ip": 0,
    "additional_fuel_heating_ip_units": "MBtu",
    "additional_fuel_humidification_ip": 0,
    "additional_fuel_humidification_ip_units": "MBtu",
    "additional_fuel_interior_equipment_ip": 0,
    "additional_fuel_interior_equipment_ip_units": "MBtu",
    "additional_fuel_interior_lighting_ip": 0,
    "additional_fuel_interior_lighting_ip_units": "MBtu",
    "additional_fuel_ip": 0,
    "additional_fuel_ip_units": "MBtu",
    "additional_fuel_pumps_ip": 0,
    "additional_fuel_pumps_ip_units": "MBtu",
    "additional_fuel_refrigeration_ip": 0,
    "additional_fuel_refrigeration_ip_units": "MBtu",
    "additional_fuel_water_systems_ip": 0,
    "additional_fuel_water_systems_ip_units": "MBtu",
    "air_loops_detail_section": true,
    "analysis_length": 25,
    "analysis_length_units": "yrs",
    "annual_overview_section": true,
    "building_name": "building_name",
    "building_name_display_name": "East entrance bldg v2",
    "building_summary_section": true,
    "cost_summary_section": true,
    "district_cooling_cooling_ip": 0,
    "district_cooling_cooling_ip_units": "MBtu",
    "district_cooling_exterior_equipment_ip": 0,
    "district_cooling_exterior_equipment_ip_units": "MBtu",
    "district_cooling_exterior_lighting_ip": 0,
    "district_cooling_exterior_lighting_ip_units": "MBtu",
    "district_cooling_fans_ip": 0,
    "district_cooling_fans_ip_units": "MBtu",
    "district_cooling_generators_ip": 0,
    "district_cooling_generators_ip_units": "MBtu",
    "district_cooling_heat_recovery_ip": 0,
    "district_cooling_heat_recovery_ip_units": "MBtu",
    "district_cooling_heat_rejection_ip": 0,
    "district_cooling_heat_rejection_ip_units": "MBtu",
    "district_cooling_heating_ip": 0,
    "district_cooling_heating_ip_units": "MBtu",
    "district_cooling_humidification_ip": 0,
    "district_cooling_humidification_ip_units": "MBtu",
    "district_cooling_interior_equipment_ip": 0,
    "district_cooling_interior_equipment_ip_units": "MBtu",
    "district_cooling_interior_lighting_ip": 0,
    "district_cooling_interior_lighting_ip_units": "MBtu",
    "district_cooling_ip": 0,
    "district_cooling_ip_units": "MBtu",
    "district_cooling_pumps_ip": 0,
    "district_cooling_pumps_ip_units": "MBtu",
    "district_cooling_refrigeration_ip": 0,
    "district_cooling_refrigeration_ip_units": "MBtu",
    "district_cooling_water_systems_ip": 0,
    "district_cooling_water_systems_ip_units": "MBtu",
    "district_heating_cooling_ip": 0,
    "district_heating_cooling_ip_units": "MBtu",
    "district_heating_exterior_equipment_ip": 0,
    "district_heating_exterior_equipment_ip_units": "MBtu",
    "district_heating_exterior_lighting_ip": 0,
    "district_heating_exterior_lighting_ip_units": "MBtu",
    "district_heating_fans_ip": 0,
    "district_heating_fans_ip_units": "MBtu",
    "district_heating_generators_ip": 0,
    "district_heating_generators_ip_units": "MBtu",
    "district_heating_heat_recovery_ip": 0,
    "district_heating_heat_recovery_ip_units": "MBtu",
    "district_heating_heat_rejection_ip": 0,
    "district_heating_heat_rejection_ip_units": "MBtu",
    "district_heating_heating_ip": 0,
    "district_heating_heating_ip_units": "MBtu",
    "district_heating_humidification_ip": 0,
    "district_heating_humidification_ip_units": "MBtu",
    "district_heating_interior_equipment_ip": 0,
    "district_heating_interior_equipment_ip_units": "MBtu",
    "district_heating_interior_lighting_ip": 0,
    "district_heating_interior_lighting_ip_units": "MBtu",
    "district_heating_ip": 0,
    "district_heating_ip_units": "MBtu",
    "district_heating_pumps_ip": 0,
    "district_heating_pumps_ip_units": "MBtu",
    "district_heating_refrigeration_ip": 0,
    "district_heating_refrigeration_ip_units": "MBtu",
    "district_heating_water_systems_ip": 0,
    "district_heating_water_systems_ip_units": "MBtu",
    "electricity_cooling_ip": 1878.199571188889,
    "electricity_cooling_ip_units": "kWh",
    "electricity_exterior_equipment_ip": 0,
    "electricity_exterior_equipment_ip_units": "kWh",
    "electricity_exterior_lighting_ip": 0,
    "electricity_exterior_lighting_ip_units": "kWh",
    "electricity_fans_ip": 3629.425,
    "electricity_fans_ip_units": "kWh",
    "electricity_generators_ip": 0,
    "electricity_generators_ip_units": "kWh",
    "electricity_heat_recovery_ip": 0,
    "electricity_heat_recovery_ip_units": "kWh",
    "electricity_heat_rejection_ip": 0,
    "electricity_heat_rejection_ip_units": "kWh",
    "electricity_heating_ip": 453.16055104444445,
    "electricity_heating_ip_units": "kWh",
    "electricity_humidification_ip": 0,
    "electricity_humidification_ip_units": "kWh",
    "electricity_interior_equipment_ip": 13370.338888888888,
    "electricity_interior_equipment_ip_units": "kWh",
    "electricity_interior_lighting_ip": 7395.241666666667,
    "electricity_interior_lighting_ip_units": "kWh",
    "electricity_ip": 27636.493690797226,
    "electricity_ip_units": "kWh",
    "electricity_pumps_ip": 12.596346341666663,
    "electricity_pumps_ip_units": "kWh",
    "electricity_refrigeration_ip": 0,
    "electricity_refrigeration_ip_units": "kWh",
    "electricity_water_systems_ip": 897.5316666666666,
    "electricity_water_systems_ip_units": "kWh",
    "end_use_cooling": 6407.243733318024,
    "end_use_cooling_units": "kBtu",
    "end_use_electricity_cooling": 1877.7777777777778,
    "end_use_electricity_cooling_units": "kWh",
    "end_use_electricity_exterior_equipment": 0,
    "end_use_electricity_exterior_equipment_units": "kWh",
    "end_use_electricity_exterior_lighting": 0,
    "end_use_electricity_exterior_lighting_units": "kWh",
    "end_use_electricity_fans": 3630.5555555555557,
    "end_use_electricity_fans_units": "kWh",
    "end_use_electricity_generators": 0,
    "end_use_electricity_generators_units": "kWh",
    "end_use_electricity_heat_recovery": 0,
    "end_use_electricity_heat_recovery_units": "kWh",
    "end_use_electricity_heat_rejection": 0,
    "end_use_electricity_heat_rejection_units": "kWh",
    "end_use_electricity_heating": 452.77777777777777,
    "end_use_electricity_heating_units": "kWh",
    "end_use_electricity_humidification": 0,
    "end_use_electricity_humidification_units": "kWh",
    "end_use_electricity_interior_equipment": 13369.444444444443,
    "end_use_electricity_interior_equipment_units": "kWh",
    "end_use_electricity_interior_lighting": 7394.444444444444,
    "end_use_electricity_interior_lighting_units": "kWh",
    "end_use_electricity_pumps": 13.88888888888889,
    "end_use_electricity_pumps_units": "kWh",
    "end_use_electricity_refrigeration": 0,
    "end_use_electricity_refrigeration_units": "kWh",
    "end_use_electricity_water_systems": 897.2222222222223,
    "end_use_electricity_water_systems_units": "kWh",
    "end_use_exterior_equipment": 0,
    "end_use_exterior_equipment_units": "kBtu",
    "end_use_exterior_lighting": 0,
    "end_use_exterior_lighting_units": "kBtu",
    "end_use_fans": 12387.969762495057,
    "end_use_fans_units": "kBtu",
    "end_use_generators": 0,
    "end_use_generators_units": "kBtu",
    "end_use_heat_recovery": 0,
    "end_use_heat_recovery_units": "kBtu",
    "end_use_heat_rejection": 0,
    "end_use_heat_rejection_units": "kBtu",
    "end_use_heating": 56831.1145339865,
    "end_use_heating_units": "kBtu",
    "end_use_humidification": 0,
    "end_use_humidification_units": "kBtu",
    "end_use_interior_equipment": 45618.43800067996,
    "end_use_interior_equipment_units": "kBtu",
    "end_use_interior_lighting": 25230.891742740507,
    "end_use_interior_lighting_units": "kBtu",
    "end_use_natural_gas_cooling": 0,
    "end_use_natural_gas_cooling_units": "therms",
    "end_use_natural_gas_exterior_equipment": 0,
    "end_use_natural_gas_exterior_equipment_units": "therms",
    "end_use_natural_gas_exterior_lighting": 0,
    "end_use_natural_gas_exterior_lighting_units": "therms",
    "end_use_natural_gas_fans": 0,
    "end_use_natural_gas_fans_units": "therms",
    "end_use_natural_gas_generators": 0,
    "end_use_natural_gas_generators_units": "therms",
    "end_use_natural_gas_heat_recovery": 0,
    "end_use_natural_gas_heat_recovery_units": "therms",
    "end_use_natural_gas_heat_rejection": 0,
    "end_use_natural_gas_heat_rejection_units": "therms",
    "end_use_natural_gas_heating": 552.9684,
    "end_use_natural_gas_heating_units": "therms",
    "end_use_natural_gas_humidification": 0,
    "end_use_natural_gas_humidification_units": "therms",
    "end_use_natural_gas_interior_equipment": 0,
    "end_use_natural_gas_interior_equipment_units": "therms",
    "end_use_natural_gas_interior_lighting": 0,
    "end_use_natural_gas_interior_lighting_units": "therms",
    "end_use_natural_gas_pumps": 0,
    "end_use_natural_gas_pumps_units": "therms",
    "end_use_natural_gas_refrigeration": 0,
    "end_use_natural_gas_refrigeration_units": "therms",
    "end_use_natural_gas_water_systems": 0,
    "end_use_natural_gas_water_systems_units": "therms",
    "end_use_pumps": 47.39085601566587,
    "end_use_pumps_units": "kBtu",
    "end_use_refrigeration": 0,
    "end_use_refrigeration_units": "kBtu",
    "end_use_water_systems": 3061.449298612015,
    "end_use_water_systems_units": "kBtu",
    "envelope_section_section": true,
    "eui": 169.0409268260644,
    "eui_units": "kBtu/ft^2",
    "exterior-roof": 884.8935977289597,
    "exterior-roof_units": "ft^2",
    "exterior-wall": 1361.666484197408,
    "exterior-wall_units": "ft^2",
    "exterior_light_section": true,
    "exterior_lighting_total_consumption": 0,
    "exterior_lighting_total_consumption_units": "kWh",
    "exterior_lighting_total_power": 0,
    "exterior_lighting_total_power_units": "W",
    "fuel_additional_fuel": 0,
    "fuel_additional_fuel_units": "kBtu",
    "fuel_district_cooling": 0,
    "fuel_district_cooling_units": "kBtu",
    "fuel_district_heating": 0,
    "fuel_district_heating_units": "kBtu",
    "fuel_electricity": 94298.32529997194,
    "fuel_electricity_units": "kBtu",
    "fuel_natural_gas": 55286.1726278758,
    "fuel_natural_gas_units": "kBtu",
    "gross_window-wall_ratio": 12.7,
    "gross_window-wall_ratio_conditioned": 15,
    "gross_window-wall_ratio_conditioned_units": "%",
    "gross_window-wall_ratio_units": "%",
    "hvac_load_profile": true,
    "inflation_approach": "Constant Dollar",
    "interior_lighting_section": true,
    "monthly_overview_section": true,
    "natural_gas_cooling_ip": 0,
    "natural_gas_cooling_ip_units": "MBtu",
    "natural_gas_exterior_equipment_ip": 0,
    "natural_gas_exterior_equipment_ip_units": "MBtu",
    "natural_gas_exterior_lighting_ip": 0,
    "natural_gas_exterior_lighting_ip_units": "MBtu",
    "natural_gas_fans_ip": 0,
    "natural_gas_fans_ip_units": "MBtu",
    "natural_gas_generators_ip": 0,
    "natural_gas_generators_ip_units": "MBtu",
    "natural_gas_heat_recovery_ip": 0,
    "natural_gas_heat_recovery_ip_units": "MBtu",
    "natural_gas_heat_rejection_ip": 0,
    "natural_gas_heat_rejection_ip_units": "MBtu",
    "natural_gas_heating_ip": 55.285924398078905,
    "natural_gas_heating_ip_units": "MBtu",
    "natural_gas_humidification_ip": 0,
    "natural_gas_humidification_ip_units": "MBtu",
    "natural_gas_interior_equipment_ip": 0,
    "natural_gas_interior_equipment_ip_units": "MBtu",
    "natural_gas_interior_lighting_ip": 0,
    "natural_gas_interior_lighting_ip_units": "MBtu",
    "natural_gas_ip": 55.285924398078905,
    "natural_gas_ip_units": "MBtu",
    "natural_gas_pumps_ip": 0,
    "natural_gas_pumps_ip_units": "MBtu",
    "natural_gas_refrigeration_ip": 0,
    "natural_gas_refrigeration_ip_units": "MBtu",
    "natural_gas_water_systems_ip": 0,
    "natural_gas_water_systems_ip_units": "MBtu",
    "net_site_energy": 149584.49792784773,
    "net_site_energy_units": "kBtu",
    "outdoor_air_section": true,
    "plant_loops_detail_section": true,
    "plug_loads_section": true,
    "schedules_overview_section": true,
    "skylight_roof_ratio": 0,
    "skylight_roof_ratio_units": "%",
    "source": "OpenStudio Results",
    "source_energy_section": true,
    "space_type_breakdown_section": true,
    "space_type_details_section": true,
    "space_type_entry_way": 134.02431004174898,
    "space_type_entry_way_units": "ft^2",
    "space_type_open_area": 383.76965692882305,
    "space_type_open_area_units": "ft^2",
    "space_type_small_office": 190.16681007129264,
    "space_type_small_office_units": "ft^2",
    "space_type_utility": 176.93282068709485,
    "space_type_utility_units": "ft^2",
    "total_building_area": 884.9010753577062,
    "total_building_area_units": "ft^2",
    "unmet_hours_during_cooling": 0,
    "unmet_hours_during_cooling_units": "hr",
    "unmet_hours_during_heating": 124,
    "unmet_hours_during_heating_units": "hr",
    "unmet_hours_during_occupied_cooling": 0,
    "unmet_hours_during_occupied_cooling_units": "hr",
    "unmet_hours_during_occupied_heating": 124,
    "unmet_hours_during_occupied_heating_units": "hr",
    "unmet_hours_tolerance_cooling": 0.36,
    "unmet_hours_tolerance_cooling_units": "F",
    "unmet_hours_tolerance_heating": 0.36,
    "unmet_hours_tolerance_heating_units": "F",
    "utility_1_water_fixture_1": 0.2666376581822811,
    "utility_1_water_fixture_1_units": "gal/min",
    "utility_1_water_fixture_2": 0.2777769130568054,
    "utility_1_water_fixture_2_units": "gal/min",
    "utility_bills_rates_section": true,
    "water_cooling_ip": 0,
    "water_cooling_ip_units": "MBtu",
    "water_exterior_equipment_ip": 0,
    "water_exterior_equipment_ip_units": "MBtu",
    "water_exterior_lighting_ip": 0,
    "water_exterior_lighting_ip_units": "MBtu",
    "water_fans_ip": 0,
    "water_fans_ip_units": "MBtu",
    "water_generators_ip": 0,
    "water_generators_ip_units": "MBtu",
    "water_heat_recovery_ip": 0,
    "water_heat_recovery_ip_units": "MBtu",
    "water_heat_rejection_ip": 0,
    "water_heat_rejection_ip_units": "MBtu",
    "water_heating_ip": 0,
    "water_heating_ip_units": "MBtu",
    "water_humidification_ip": 0,
    "water_humidification_ip_units": "MBtu",
    "water_interior_equipment_ip": 0,
    "water_interior_equipment_ip_units": "MBtu",
    "water_interior_lighting_ip": 0,
    "water_interior_lighting_ip_units": "MBtu",
    "water_ip": 0,
    "water_ip_units": "MBtu",
    "water_pumps_ip": 0,
    "water_pumps_ip_units": "MBtu",
    "water_refrigeration_ip": 0,
    "water_refrigeration_ip_units": "MBtu",
    "water_use_section": true,
    "water_water_systems_ip": 0,
    "water_water_systems_ip_units": "MBtu",
    "zone_condition_section": true,
    "zone_equipment_detail_section": true,
    "zone_summary_section": true,
    "applicable": true
  },
  "calibration_reports": {
    "applicable": true
  },
  "calibration_reports_enhanced": {
    "ashrae_max_cvrmse": 15,
    "ashrae_max_cvrmse_units": "%",
    "ashrae_max_nmbe": 5,
    "ashrae_max_nmbe_units": "%",
    "electric_bill_consumption_actual": 27560.53,
    "electric_bill_consumption_actual_units": "kWh",
    "electric_bill_consumption_cvrmse": 0.00012895576542144694,
    "electric_bill_consumption_cvrmse_units": "%",
    "electric_bill_consumption_modeled": 27560.52796319979,
    "electric_bill_consumption_modeled_units": "kWh",
    "electric_bill_consumption_nmbe": 8.062123137758369e-06,
    "electric_bill_consumption_nmbe_units": "%",
    "electric_bill_cvrmse_within_limit": 1,
    "electric_bill_dof": 12,
    "electric_bill_fuel_type": "Electricity",
    "electric_bill_nmbe_within_limit": 1,
    "electric_bill_period_10_consumption_actual": 2213.55,
    "electric_bill_period_10_consumption_actual_units": "kWh",
    "electric_bill_period_10_consumption_modeled": 2213.547449357024,
    "electric_bill_period_10_consumption_modeled_units": "kWh",
    "electric_bill_period_10_consumption_nmbe": -0.0001152286135879164,
    "electric_bill_period_10_consumption_nmbe_units": "%",
    "electric_bill_period_10_end_date": "2013-Oct-31",
    "electric_bill_period_10_peak_demand_modeled": 6.554905759682953,
    "electric_bill_period_10_peak_demand_modeled_units": "kW",
    "electric_bill_period_10_start_date": "2013-Oct-01",
    "electric_bill_period_11_consumption_actual": 2100.59,
    "electric_bill_period_11_consumption_actual_units": "kWh",
    "electric_bill_period_11_consumption_modeled": 2100.5867690290647,
    "electric_bill_period_11_consumption_modeled_units": "kWh",
    "electric_bill_period_11_consumption_nmbe": -0.00015381254482880826,
    "electric_bill_period_11_consumption_nmbe_units": "%",
    "electric_bill_period_11_end_date": "2013-Nov-30",
    "electric_bill_period_11_peak_demand_modeled": 6.047993071898097,
    "electric_bill_period_11_peak_demand_modeled_units": "kW",
    "electric_bill_period_11_start_date": "2013-Nov-01",
    "electric_bill_period_12_consumption_actual": 2378.61,
    "electric_bill_period_12_consumption_actual_units": "kWh",
    "electric_bill_period_12_consumption_modeled": 2378.6074736858172,
    "electric_bill_period_12_consumption_modeled_units": "kWh",
    "electric_bill_period_12_consumption_nmbe": -0.00010620968476914208,
    "electric_bill_period_12_consumption_nmbe_units": "%",
    "electric_bill_period_12_end_date": "2013-Dec-31",
    "electric_bill_period_12_peak_demand_modeled": 7.393738255984221,
    "electric_bill_period_12_peak_demand_modeled_units": "kW",
    "electric_bill_period_12_start_date": "2013-Dec-01",
    "electric_bill_period_1_consumption_actual": 2234.95,
    "electric_bill_period_1_consumption_actual_units": "kWh",
    "electric_bill_period_1_consumption_modeled": 2234.953688185619,
    "electric_bill_period_1_consumption_modeled_units": "kWh",
    "electric_bill_period_1_consumption_nmbe": 0.00016502318257733168,
    "electric_bill_period_1_consumption_nmbe_units": "%",
    "electric_bill_period_1_end_date": "2013-Jan-30",
    "electric_bill_period_1_peak_demand_modeled": 6.747322404495875,
    "electric_bill_period_1_peak_demand_modeled_units": "kW",
    "electric_bill_period_1_start_date": "2013-Jan-01",
    "electric_bill_period_2_consumption_actual": 1961.6,
    "electric_bill_period_2_consumption_actual_units": "kWh",
    "electric_bill_period_2_consumption_modeled": 1961.6034173426408,
    "electric_bill_period_2_consumption_modeled_units": "kWh",
    "electric_bill_period_2_consumption_nmbe": 0.00017421200249220024,
    "electric_bill_period_2_consumption_nmbe_units": "%",
    "electric_bill_period_2_end_date": "2013-Feb-28",
    "electric_bill_period_2_peak_demand_modeled": 5.515007667447195,
    "electric_bill_period_2_peak_demand_modeled_units": "kW",
    "electric_bill_period_2_start_date": "2013-Feb-01",
    "electric_bill_period_3_consumption_actual": 2168.52,
    "electric_bill_period_3_consumption_actual_units": "kWh",
    "electric_bill_period_3_consumption_modeled": 2168.521742235262,
    "electric_bill_period_3_consumption_modeled_units": "kWh",
    "electric_bill_period_3_consumption_nmbe": 8.034213482465975e-05,
    "electric_bill_period_3_consumption_nmbe_units": "%",
    "electric_bill_period_3_end_date": "2013-Mar-31",
    "electric_bill_period_3_peak_demand_modeled": 6.227972328469042,
    "electric_bill_period_3_peak_demand_modeled_units": "kW",
    "electric_bill_period_3_start_date": "2013-Mar-01",
    "electric_bill_period_4_consumption_actual": 2148.87,
    "electric_bill_period_4_consumption_actual_units": "kWh",
    "electric_bill_period_4_consumption_modeled": 2148.873977249903,
    "electric_bill_period_4_consumption_modeled_units": "kWh",
    "electric_bill_period_4_consumption_nmbe": 0.00018508564515644238,
    "electric_bill_period_4_consumption_nmbe_units": "%",
    "electric_bill_period_4_end_date": "2013-Apr-30",
    "electric_bill_period_4_peak_demand_modeled": 6.468507933713357,
    "electric_bill_period_4_peak_demand_modeled_units": "kW",
    "electric_bill_period_4_start_date": "2013-Apr-01",
    "electric_bill_period_5_consumption_actual": 2312.54,
    "electric_bill_period_5_consumption_actual_units": "kWh",
    "electric_bill_period_5_consumption_modeled": 2312.5376960902618,
    "electric_bill_period_5_consumption_modeled_units": "kWh",
    "electric_bill_period_5_consumption_nmbe": -9.962680594508602e-05,
    "electric_bill_period_5_consumption_nmbe_units": "%",
    "electric_bill_period_5_end_date": "2013-May-31",
    "electric_bill_period_5_peak_demand_modeled": 6.983489392811459,
    "electric_bill_period_5_peak_demand_modeled_units": "kW",
    "electric_bill_period_5_start_date": "2013-May-01",
    "electric_bill_period_6_consumption_actual": 2449.8,
    "electric_bill_period_6_consumption_actual_units": "kWh",
    "electric_bill_period_6_consumption_modeled": 2449.796917075462,
    "electric_bill_period_6_consumption_modeled_units": "kWh",
    "electric_bill_period_6_consumption_nmbe": -0.00012584392760125985,
    "electric_bill_period_6_consumption_nmbe_units": "%",
    "electric_bill_period_6_end_date": "2013-Jun-30",
    "electric_bill_period_6_peak_demand_modeled": 7.78431076335178,
    "electric_bill_period_6_peak_demand_modeled_units": "kW",
    "electric_bill_period_6_start_date": "2013-Jun-01",
    "electric_bill_period_7_consumption_actual": 2646.9,
    "electric_bill_period_7_consumption_actual_units": "kWh",
    "electric_bill_period_7_consumption_modeled": 2646.902303387661,
    "electric_bill_period_7_consumption_modeled_units": "kWh",
    "electric_bill_period_7_consumption_nmbe": 8.702208851708917e-05,
    "electric_bill_period_7_consumption_nmbe_units": "%",
    "electric_bill_period_7_end_date": "2013-Jul-31",
    "electric_bill_period_7_peak_demand_modeled": 7.770233503784044,
    "electric_bill_period_7_peak_demand_modeled_units": "kW",
    "electric_bill_period_7_start_date": "2013-Jul-01",
    "electric_bill_period_8_consumption_actual": 2613.42,
    "electric_bill_period_8_consumption_actual_units": "kWh",
    "electric_bill_period_8_consumption_modeled": 2613.4170629158752,
    "electric_bill_period_8_consumption_modeled_units": "kWh",
    "electric_bill_period_8_consumption_nmbe": -0.00011238469610027248,
    "electric_bill_period_8_consumption_nmbe_units": "%",
    "electric_bill_period_8_end_date": "2013-Aug-31",
    "electric_bill_period_8_peak_demand_modeled": 7.729283555277328,
    "electric_bill_period_8_peak_demand_modeled_units": "kW",
    "electric_bill_period_8_start_date": "2013-Aug-01",
    "electric_bill_period_9_consumption_actual": 2331.18,
    "electric_bill_period_9_consumption_actual_units": "kWh",
    "electric_bill_period_9_consumption_modeled": 2331.1794666451983,
    "electric_bill_period_9_consumption_modeled_units": "kWh",
    "electric_bill_period_9_consumption_nmbe": -2.287917713427218e-05,
    "electric_bill_period_9_consumption_nmbe_units": "%",
    "electric_bill_period_9_end_date": "2013-Sep-30",
    "electric_bill_period_9_peak_demand_modeled": 7.607034908169368,
    "electric_bill_period_9_peak_demand_modeled_units": "kW",
    "electric_bill_period_9_start_date": "2013-Sep-01",
    "electric_bill_rmse": 0.0028356511527550454,
    "electric_bill_rmse_units": "kWh^0.5",
    "electric_bill_sum_of_squares": 9.64910095214522e-05,
    "electric_bill_sum_of_squares_units": "kWh",
    "electric_cvrmse_limit": 15,
    "electric_nmbe_limit": 5,
    "femp_max_cvrmse": 10,
    "femp_max_cvrmse_units": "%",
    "femp_max_nmbe": 15,
    "femp_max_nmbe_units": "%",
    "gas_bill_consumption_actual": 550.64,
    "gas_bill_consumption_actual_units": "therms",
    "gas_bill_consumption_cvrmse": 0.004794281460462883,
    "gas_bill_consumption_cvrmse_units": "%",
    "gas_bill_consumption_modeled": 550.6436101819482,
    "gas_bill_consumption_modeled_units": "therms",
    "gas_bill_consumption_nmbe": -0.0007152368711289944,
    "gas_bill_consumption_nmbe_units": "%",
    "gas_bill_cvrmse_within_limit": 1,
    "gas_bill_dof": 12,
    "gas_bill_fuel_type": "NaturalGas",
    "gas_bill_nmbe_within_limit": 1,
    "gas_bill_period_10_consumption_actual": 38.33,
    "gas_bill_period_10_consumption_actual_units": "therms",
    "gas_bill_period_10_consumption_modeled": 38.3302482702411,
    "gas_bill_period_10_consumption_modeled_units": "therms",
    "gas_bill_period_10_consumption_nmbe": 0.0006477178218145643,
    "gas_bill_period_10_consumption_nmbe_units": "%",
    "gas_bill_period_10_end_date": "2013-Oct-31",
    "gas_bill_period_10_start_date": "2013-Oct-01",
    "gas_bill_period_11_consumption_actual": 58.05,
    "gas_bill_period_11_consumption_actual_units": "therms",
    "gas_bill_period_11_consumption_modeled": 58.05072901383386,
    "gas_bill_period_11_consumption_modeled_units": "therms",
    "gas_bill_period_11_consumption_nmbe": 0.001255837784430342,
    "gas_bill_period_11_consumption_nmbe_units": "%",
    "gas_bill_period_11_end_date": "2013-Nov-30",
    "gas_bill_period_11_start_date": "2013-Nov-01",
    "gas_bill_period_12_consumption_actual": 101.91,
    "gas_bill_period_12_consumption_actual_units": "therms",
    "gas_bill_period_12_consumption_modeled": 101.90816486633683,
    "gas_bill_period_12_consumption_modeled_units": "therms",
    "gas_bill_period_12_consumption_nmbe": -0.0018007395379883244,
    "gas_bill_period_12_consumption_nmbe_units": "%",
    "gas_bill_period_12_end_date": "2013-Dec-31",
    "gas_bill_period_12_start_date": "2013-Dec-01",
    "gas_bill_period_1_consumption_actual": 88.94,
    "gas_bill_period_1_consumption_actual_units": "therms",
    "gas_bill_period_1_consumption_modeled": 88.9397749425229,
    "gas_bill_period_1_consumption_modeled_units": "therms",
    "gas_bill_period_1_consumption_nmbe": -0.00025304416133960786,
    "gas_bill_period_1_consumption_nmbe_units": "%",
    "gas_bill_period_1_end_date": "2013-Jan-30",
    "gas_bill_period_1_start_date": "2013-Jan-01",
    "gas_bill_period_2_consumption_actual": 98.73,
    "gas_bill_period_2_consumption_actual_units": "therms",
    "gas_bill_period_2_consumption_modeled": 98.73068658176439,
    "gas_bill_period_2_consumption_modeled_units": "therms",
    "gas_bill_period_2_consumption_nmbe": 0.0006954135160378674,
    "gas_bill_period_2_consumption_nmbe_units": "%",
    "gas_bill_period_2_end_date": "2013-Feb-28",
    "gas_bill_period_2_start_date": "2013-Feb-01",
    "gas_bill_period_3_consumption_actual": 74.16,
    "gas_bill_period_3_consumption_actual_units": "therms",
    "gas_bill_period_3_consumption_modeled": 74.16028042554909,
    "gas_bill_period_3_consumption_modeled_units": "therms",
    "gas_bill_period_3_consumption_nmbe": 0.0003781358536851549,
    "gas_bill_period_3_consumption_nmbe_units": "%",
    "gas_bill_period_3_end_date": "2013-Mar-31",
    "gas_bill_period_3_start_date": "2013-Mar-01",
    "gas_bill_period_4_consumption_actual": 65.19,
    "gas_bill_period_4_consumption_actual_units": "therms",
    "gas_bill_period_4_consumption_modeled": 65.1917082318919,
    "gas_bill_period_4_consumption_modeled_units": "therms",
    "gas_bill_period_4_consumption_nmbe": 0.0026203894644832287,
    "gas_bill_period_4_consumption_nmbe_units": "%",
    "gas_bill_period_4_end_date": "2013-Apr-30",
    "gas_bill_period_4_start_date": "2013-Apr-01",
    "gas_bill_period_5_consumption_actual": 18.13,
    "gas_bill_period_5_consumption_actual_units": "therms",
    "gas_bill_period_5_consumption_modeled": 18.130043742450347,
    "gas_bill_period_5_consumption_modeled_units": "therms",
    "gas_bill_period_5_consumption_nmbe": 0.00024127109954829248,
    "gas_bill_period_5_consumption_nmbe_units": "%",
    "gas_bill_period_5_end_date": "2013-May-31",
    "gas_bill_period_5_start_date": "2013-May-01",
    "gas_bill_period_6_consumption_actual": 2.19,
    "gas_bill_period_6_consumption_actual_units": "therms",
    "gas_bill_period_6_consumption_modeled": 2.185205654719429,
    "gas_bill_period_6_consumption_modeled_units": "therms",
    "gas_bill_period_6_consumption_nmbe": -0.21891987582514916,
    "gas_bill_period_6_consumption_nmbe_units": "%",
    "gas_bill_period_6_end_date": "2013-Jun-30",
    "gas_bill_period_6_start_date": "2013-Jun-01",
    "gas_bill_period_7_consumption_actual": 0.61,
    "gas_bill_period_7_consumption_actual_units": "therms",
    "gas_bill_period_7_consumption_modeled": 0.6105741828763739,
    "gas_bill_period_7_consumption_modeled_units": "therms",
    "gas_bill_period_7_consumption_nmbe": 0.09412834038916337,
    "gas_bill_period_7_consumption_nmbe_units": "%",
    "gas_bill_period_7_end_date": "2013-Jul-31",
    "gas_bill_period_7_start_date": "2013-Jul-01",
    "gas_bill_period_8_consumption_actual": 0.53,
    "gas_bill_period_8_consumption_actual_units": "therms",
    "gas_bill_period_8_consumption_modeled": 0.531821299810121,
    "gas_bill_period_8_consumption_modeled_units": "therms",
    "gas_bill_period_8_consumption_nmbe": 0.3436414736077404,
    "gas_bill_period_8_consumption_nmbe_units": "%",
    "gas_bill_period_8_end_date": "2013-Aug-31",
    "gas_bill_period_8_start_date": "2013-Aug-01",
    "gas_bill_period_9_consumption_actual": 3.87,
    "gas_bill_period_9_consumption_actual_units": "therms",
    "gas_bill_period_9_consumption_modeled": 3.8743729699518887,
    "gas_bill_period_9_consumption_modeled_units": "therms",
    "gas_bill_period_9_consumption_nmbe": 0.11299663958368547,
    "gas_bill_period_9_consumption_nmbe_units": "%",
    "gas_bill_period_9_end_date": "2013-Sep-30",
    "gas_bill_period_9_start_date": "2013-Sep-01",
    "gas_bill_rmse": 0.0021062783165613154,
    "gas_bill_rmse_units": "therms^0.5",
    "gas_bill_sum_of_squares": 5.323690016179643e-05,
    "gas_bill_sum_of_squares_units": "therms",
    "gas_cvrmse_limit": 15,
    "gas_nmbe_limit": 5,
    "source": "Calibration Reports Enhanced",
    "total_dof": 24,
    "total_rmse": 157301.89517165875,
    "total_rmse_units": "kBtu^0.5",
    "total_sum_of_squares": 593853269390.2924,
    "total_sum_of_squares_units": "kBtu",
    "applicable": true
  },
  "timeseries_elec": {
    "algorithm_download": false,
    "compute_diff": true,
    "csv_name": "../../../lib/calibration_data/metered_data.csv",
    "csv_time_header": "Date and Time",
    "csv_var": "Elec [W]",
    "csv_var_dn": "",
    "csvdata": 1148344.4880999986,
    "csvdata_units": "",
    "cvrmse": 9.153687889734087e-09,
    "cvrmse_units": "",
    "diff": 5.509568648793512e-06,
    "diff_units": "",
    "env": "RUN PERIOD 1",
    "find_avail": true,
    "nmbe": 7.166712464835682e-10,
    "nmbe_units": "",
    "norm": 2,
    "plot_flag": true,
    "plot_name": "",
    "scale": 1,
    "seconds": false,
    "simdata": 1148344.4880917699,
    "simdata_units": "",
    "source": "timeseries diff",
    "sql_key": "Whole Building",
    "sql_var": "Facility Total Electric Demand Power",
    "stp": "Daily",
    "verbose_messages": false,
    "warning_messages": false,
    "year": true,
    "applicable": true
  },
  "timeseries_gas": {
    "algorithm_download": false,
    "compute_diff": true,
    "csv_name": "../../../lib/calibration_data/metered_data.csv",
    "csv_time_header": "Date and Time",
    "csv_var": "Gas [W]",
    "csv_var_dn": "",
    "csvdata": 673560.6633749936,
    "csvdata_units": "",
    "cvrmse": 1.0828057117045737e-08,
    "cvrmse_units": "",
    "diff": 3.822755854873336e-06,
    "diff_units": "",
    "env": "RUN PERIOD 1",
    "find_avail": false,
    "nmbe": -9.067627107823782e-10,
    "nmbe_units": "",
    "norm": 2,
    "plot_flag": true,
    "plot_name": "",
    "scale": 1,
    "seconds": false,
    "simdata": 673560.6633811012,
    "simdata_units": "",
    "source": "timeseries diff",
    "sql_key": "OS:COIL:HEATING:GAS 1",
    "sql_var": "Heating Coil Gas Rate",
    "stp": "Daily",
    "verbose_messages": false,
    "warning_messages": false,
    "year": true,
    "applicable": true
  },
  "standard_report_legacy": {
    "total_energy": 1919.75,
    "total_energy_units": "MJ/m2",
    "total_energy_display_name": "Total Energy",
    "total_source_energy": 4601.9,
    "total_source_energy_units": "MJ/m2",
    "total_source_energy_display_name": "Total Source Energy",
    "total_electricity": 1210.1934071280866,
    "total_electricity_units": "MJ/m2",
    "total_electricity_display_name": "Total Electricity",
    "total_natural_gas": 709.5243887604914,
    "total_natural_gas_units": "MJ/m2",
    "total_natural_gas_display_name": "Total Natural Gas",
    "heating_electricity": 19.827271621457246,
    "heating_electricity_units": "MJ/m2",
    "heating_electricity_display_name": "Heating Electricity",
    "heating_natural_gas": 709.5243887604914,
    "heating_natural_gas_units": "MJ/m2",
    "heating_natural_gas_display_name": "Heating Natural Gas",
    "cooling_electricity": 82.22843936260796,
    "cooling_electricity_units": "MJ/m2",
    "cooling_electricity_display_name": "Cooling Electricity",
    "interior_lighting_electricity": 323.80488991606865,
    "interior_lighting_electricity_units": "MJ/m2",
    "interior_lighting_electricity_display_name": "Interior Lighting Electricity",
    "exterior_lighting_electricity": 0.0,
    "exterior_lighting_electricity_units": "MJ/m2",
    "exterior_lighting_electricity_display_name": "Exterior Lighting Electricity",
    "interior_equipment_electricity": 585.4518914973847,
    "interior_equipment_electricity_units": "MJ/m2",
    "interior_equipment_electricity_display_name": "Interior Equipment Electricity",
    "interior_equipment_natural_gas": 0.0,
    "interior_equipment_natural_gas_units": "MJ/m2",
    "interior_equipment_natural_gas_display_name": "Interior Equipment Natural Gas",
    "exterior_equipment_electricity": 0.0,
    "exterior_equipment_electricity_units": "MJ/m2",
    "exterior_equipment_electricity_display_name": "Exterior Equipment Electricity",
    "fans_electricity": 158.98309208125534,
    "fans_electricity_units": "MJ/m2",
    "fans_electricity_display_name": "Fans Electricity",
    "pumps_electricity": 0.608198515995621,
    "pumps_electricity_units": "MJ/m2",
    "pumps_electricity_display_name": "Pumps Electricity",
    "heat_rejection_electricity": 0.0,
    "heat_rejection_electricity_units": "MJ/m2",
    "heat_rejection_electricity_display_name": "Heat Rejection Electricity",
    "humidification_electricity": 0.0,
    "humidification_electricity_units": "MJ/m2",
    "humidification_electricity_display_name": "Humidification Electricity",
    "water_systems_electricity": 39.28962413331712,
    "water_systems_electricity_units": "MJ/m2",
    "water_systems_electricity_display_name": "Water Systems Electricity",
    "water_systems_natural_gas": 0.0,
    "water_systems_natural_gas_units": "MJ/m2",
    "water_systems_natural_gas_display_name": "Water Systems Natural Gas",
    "refrigeration_electricity": 0.0,
    "refrigeration_electricity_units": "MJ/m2",
    "refrigeration_electricity_display_name": "Refrigeration Electricity",
    "heating_hours_unmet": 124.0,
    "heating_hours_unmet_units": "hr",
    "heating_hours_unmet_display_name": "Heating Hours Unmet",
    "cooling_hours_unmet": 0.0,
    "cooling_hours_unmet_units": "hr",
    "cooling_hours_unmet_display_name": "Cooling Hours Unmet",
    "total_hours_unmet": 124.0,
    "total_hours_unmet_units": "hr",
    "total_hours_unmet_display_name": "Total Hours Unmet",
    "total_life_cycle_cost": 0.0,
    "total_life_cycle_cost_units": "$",
    "total_life_cycle_cost_display_name": "Total Life Cycle Cost",
    "cooling_electricity_jan": 25784394.49,
    "cooling_electricity_jan_units": "J",
    "cooling_electricity_jan_display_name": "Cooling Electricity Jan",
    "cooling_electricity_feb": 5088139.3,
    "cooling_electricity_feb_units": "J",
    "cooling_electricity_feb_display_name": "Cooling Electricity Feb",
    "cooling_electricity_mar": 55975372.36,
    "cooling_electricity_mar_units": "J",
    "cooling_electricity_mar_display_name": "Cooling Electricity Mar",
    "cooling_electricity_apr": 99785213.2,
    "cooling_electricity_apr_units": "J",
    "cooling_electricity_apr_display_name": "Cooling Electricity Apr",
    "cooling_electricity_may": 518816000.0,
    "cooling_electricity_may_units": "J",
    "cooling_electricity_may_display_name": "Cooling Electricity May",
    "cooling_electricity_jun": 1451230000.0,
    "cooling_electricity_jun_units": "J",
    "cooling_electricity_jun_display_name": "Cooling Electricity Jun",
    "cooling_electricity_jul": 1721120000.0,
    "cooling_electricity_jul_units": "J",
    "cooling_electricity_jul_display_name": "Cooling Electricity Jul",
    "cooling_electricity_aug": 1685440000.0,
    "cooling_electricity_aug_units": "J",
    "cooling_electricity_aug_display_name": "Cooling Electricity Aug",
    "cooling_electricity_sep": 942418000.0,
    "cooling_electricity_sep_units": "J",
    "cooling_electricity_sep_display_name": "Cooling Electricity Sep",
    "cooling_electricity_oct": 163998000.0,
    "cooling_electricity_oct_units": "J",
    "cooling_electricity_oct_display_name": "Cooling Electricity Oct",
    "cooling_electricity_nov": 59065753.22,
    "cooling_electricity_nov_units": "J",
    "cooling_electricity_nov_display_name": "Cooling Electricity Nov",
    "cooling_electricity_dec": 32797583.71,
    "cooling_electricity_dec_units": "J",
    "cooling_electricity_dec_display_name": "Cooling Electricity Dec",
    "heating_gas_jan": 9617420000.0,
    "heating_gas_jan_units": "J",
    "heating_gas_jan_display_name": "Heating Gas Jan",
    "heating_gas_feb": 10416600000.0,
    "heating_gas_feb_units": "J",
    "heating_gas_feb_display_name": "Heating Gas Feb",
    "heating_gas_mar": 7824320000.0,
    "heating_gas_mar_units": "J",
    "heating_gas_mar_display_name": "Heating Gas Mar",
    "heating_gas_apr": 6878090000.0,
    "heating_gas_apr_units": "J",
    "heating_gas_apr_display_name": "Heating Gas Apr",
    "heating_gas_may": 1912820000.0,
    "heating_gas_may_units": "J",
    "heating_gas_may_display_name": "Heating Gas May",
    "heating_gas_jun": 230551000.0,
    "heating_gas_jun_units": "J",
    "heating_gas_jun_display_name": "Heating Gas Jun",
    "heating_gas_jul": 64418986.35,
    "heating_gas_jul_units": "J",
    "heating_gas_jul_display_name": "Heating Gas Jul",
    "heating_gas_aug": 56110117.35,
    "heating_gas_aug_units": "J",
    "heating_gas_aug_display_name": "Heating Gas Aug",
    "heating_gas_sep": 408768000.0,
    "heating_gas_sep_units": "J",
    "heating_gas_sep_display_name": "Heating Gas Sep",
    "heating_gas_oct": 4044060000.0,
    "heating_gas_oct_units": "J",
    "heating_gas_oct_display_name": "Heating Gas Oct",
    "heating_gas_nov": 6124680000.0,
    "heating_gas_nov_units": "J",
    "heating_gas_nov_display_name": "Heating Gas Nov",
    "heating_gas_dec": 10751900000.0,
    "heating_gas_dec_units": "J",
    "heating_gas_dec_display_name": "Heating Gas Dec",
    "total_electricity_jan": 8319359476.78,
    "total_electricity_jan_units": "J",
    "total_electricity_jan_display_name": "Total Electricity Jan",
    "total_electricity_feb": 7061773383.09,
    "total_electricity_feb_units": "J",
    "total_electricity_feb_display_name": "Total Electricity Feb",
    "total_electricity_mar": 7806674969.23,
    "total_electricity_mar_units": "J",
    "total_electricity_mar_display_name": "Total Electricity Mar",
    "total_electricity_apr": 7735942552.78,
    "total_electricity_apr_units": "J",
    "total_electricity_apr_display_name": "Total Electricity Apr",
    "total_electricity_may": 8325134846.72,
    "total_electricity_may_units": "J",
    "total_electricity_may_display_name": "Total Electricity May",
    "total_electricity_jun": 8819264854.16,
    "total_electricity_jun_units": "J",
    "total_electricity_jun_display_name": "Total Electricity Jun",
    "total_electricity_jul": 9528845082.29,
    "total_electricity_jul_units": "J",
    "total_electricity_jul_display_name": "Total Electricity Jul",
    "total_electricity_aug": 9408292339.58,
    "total_electricity_aug_units": "J",
    "total_electricity_aug_display_name": "Total Electricity Aug",
    "total_electricity_sep": 8392236694.71,
    "total_electricity_sep_units": "J",
    "total_electricity_sep_display_name": "Total Electricity Sep",
    "total_electricity_oct": 7968770429.9,
    "total_electricity_oct_units": "J",
    "total_electricity_oct_display_name": "Total Electricity Oct",
    "total_electricity_nov": 7562102734.34,
    "total_electricity_nov_units": "J",
    "total_electricity_nov_display_name": "Total Electricity Nov",
    "total_electricity_dec": 8562979923.29,
    "total_electricity_dec_units": "J",
    "total_electricity_dec_display_name": "Total Electricity Dec"
  }
}