{
  "total_energy": 1919.75,
  "total_energy_units": "MJ/m2",
  "total_energy_display_name": "Total Energy",
  "total_source_energy": 4601.9,
  "total_source_energy_units": "MJ/m2",
  "total_source_energy_display_name": "Total Source Energy",
  "total_electricity": 1210.1934071280866,
  "total_electricity_units": "MJ/m2",
  "total_electricity_display_name": "Total Electricity",
  "total_natural_gas": 709.5243887604914,
  "total_natural_gas_units": "MJ/m2",
  "total_natural_gas_display_name": "Total Natural Gas",
  "heating_electricity": 19.827271621457246,
  "heating_electricity_units": "MJ/m2",
  "heating_electricity_display_name": "Heating Electricity",
  "heating_natural_gas": 709.5243887604914,
  "heating_natural_gas_units": "MJ/m2",
  "heating_natural_gas_display_name": "Heating Natural Gas",
  "cooling_electricity": 82.22843936260796,
  "cooling_electricity_units": "MJ/m2",
  "cooling_electricity_display_name": "Cooling Electricity",
  "interior_lighting_electricity": 323.80488991606865,
  "interior_lighting_electricity_units": "MJ/m2",
  "interior_lighting_electricity_display_name": "Interior Lighting Electricity",
  "exterior_lighting_electricity": 0.0,
  "exterior_lighting_electricity_units": "MJ/m2",
  "exterior_lighting_electricity_display_name": "Exterior Lighting Electricity",
  "interior_equipment_electricity": 585.4518914973847,
  "interior_equipment_electricity_units": "MJ/m2",
  "interior_equipment_electricity_display_name": "Interior Equipment Electricity",
  "interior_equipment_natural_gas": 0.0,
  "interior_equipment_natural_gas_units": "MJ/m2",
  "interior_equipment_natural_gas_display_name": "Interior Equipment Natural Gas",
  "exterior_equipment_electricity": 0.0,
  "exterior_equipment_electricity_units": "MJ/m2",
  "exterior_equipment_electricity_display_name": "Exterior Equipment Electricity",
  "fans_electricity": 158.98309208125534,
  "fans_electricity_units": "MJ/m2",
  "fans_electricity_display_name": "Fans Electricity",
  "pumps_electricity": 0.608198515995621,
  "pumps_electricity_units": "MJ/m2",
  "pumps_electricity_display_name": "Pumps Electricity",
  "heat_rejection_electricity": 0.0,
  "heat_rejection_electricity_units": "MJ/m2",
  "heat_rejection_electricity_display_name": "Heat Rejection Electricity",
  "humidification_electricity": 0.0,
  "humidification_electricity_units": "MJ/m2",
  "humidification_electricity_display_name": "Humidification Electricity",
  "water_systems_electricity": 39.28962413331712,
  "water_systems_electricity_units": "MJ/m2",
  "water_systems_electricity_display_name": "Water Systems Electricity",
  "water_systems_natural_gas": 0.0,
  "water_systems_natural_gas_units": "MJ/m2",
  "water_systems_natural_gas_display_name": "Water Systems Natural Gas",
  "refrigeration_electricity": 0.0,
  "refrigeration_electricity_units": "MJ/m2",
  "refrigeration_electricity_display_name": "Refrigeration Electricity",
  "heating_hours_unmet": 124.0,
  "heating_hours_unmet_units": "hr",
  "heating_hours_unmet_display_name": "Heating Hours Unmet",
  "cooling_hours_unmet": 0.0,
  "cooling_hours_unmet_units": "hr",
  "cooling_hours_unmet_display_name": "Cooling Hours Unmet",
  "total_hours_unmet": 124.0,
  "total_hours_unmet_units": "hr",
  "total_hours_unmet_display_name": "Total Hours Unmet",
  "total_life_cycle_cost": 0.0,
  "total_life_cycle_cost_units": "$",
  "total_life_cycle_cost_display_name": "Total Life Cycle Cost",
  "cooling_electricity_jan": 25784394.49,
  "cooling_electricity_jan_units": "J",
  "cooling_electricity_jan_display_name": "Cooling Electricity Jan",
  "cooling_electricity_feb": 5088139.3,
  "cooling_electricity_feb_units": "J",
  "cooling_electricity_feb_display_name": "Cooling Electricity Feb",
  "cooling_electricity_mar": 55975372.36,
  "cooling_electricity_mar_units": "J",
  "cooling_electricity_mar_display_name": "Cooling Electricity Mar",
  "cooling_electricity_apr": 99785213.2,
  "cooling_electricity_apr_units": "J",
  "cooling_electricity_apr_display_name": "Cooling Electricity Apr",
  "cooling_electricity_may": 518816000.0,
  "cooling_electricity_may_units": "J",
  "cooling_electricity_may_display_name": "Cooling Electricity May",
  "cooling_electricity_jun": 1451230000.0,
  "cooling_electricity_jun_units": "J",
  "cooling_electricity_jun_display_name": "Cooling Electricity Jun",
  "cooling_electricity_jul": 1721120000.0,
  "cooling_electricity_jul_units": "J",
  "cooling_electricity_jul_display_name": "Cooling Electricity Jul",
  "cooling_electricity_aug": 1685440000.0,
  "cooling_electricity_aug_units": "J",
  "cooling_electricity_aug_display_name": "Cooling Electricity Aug",
  "cooling_electricity_sep": 942418000.0,
  "cooling_electricity_sep_units": "J",
  "cooling_electricity_sep_display_name": "Cooling Electricity Sep",
  "cooling_electricity_oct": 163998000.0,
  "cooling_electricity_oct_units": "J",
  "cooling_electricity_oct_display_name": "Cooling Electricity Oct",
  "cooling_electricity_nov": 59065753.22,
  "cooling_electricity_nov_units": "J",
  "cooling_electricity_nov_display_name": "Cooling Electricity Nov",
  "cooling_electricity_dec": 32797583.71,
  "cooling_electricity_dec_units": "J",
  "cooling_electricity_dec_display_name": "Cooling Electricity Dec",
  "heating_gas_jan": 9617420000.0,
  "heating_gas_jan_units": "J",
  "heating_gas_jan_display_name": "Heating Gas Jan",
  "heating_gas_feb": 10416600000.0,
  "heating_gas_feb_units": "J",
  "heating_gas_feb_display_name": "Heating Gas Feb",
  "heating_gas_mar": 7824320000.0,
  "heating_gas_mar_units": "J",
  "heating_gas_mar_display_name": "Heating Gas Mar",
  "heating_gas_apr": 6878090000.0,
  "heating_gas_apr_units": "J",
  "heating_gas_apr_display_name": "Heating Gas Apr",
  "heating_gas_may": 1912820000.0,
  "heating_gas_may_units": "J",
  "heating_gas_may_display_name": "Heating Gas May",
  "heating_gas_jun": 230551000.0,
  "heating_gas_jun_units": "J",
  "heating_gas_jun_display_name": "Heating Gas Jun",
  "heating_gas_jul": 64418986.35,
  "heating_gas_jul_units": "J",
  "heating_gas_jul_display_name": "Heating Gas Jul",
  "heating_gas_aug": 56110117.35,
  "heating_gas_aug_units": "J",
  "heating_gas_aug_display_name": "Heating Gas Aug",
  "heating_gas_sep": 408768000.0,
  "heating_gas_sep_units": "J",
  "heating_gas_sep_display_name": "Heating Gas Sep",
  "heating_gas_oct": 4044060000.0,
  "heating_gas_oct_units": "J",
  "heating_gas_oct_display_name": "Heating Gas Oct",
  "heating_gas_nov": 6124680000.0,
  "heating_gas_nov_units": "J",
  "heating_gas_nov_display_name": "Heating Gas Nov",
  "heating_gas_dec": 10751900000.0,
  "heating_gas_dec_units": "J",
  "heating_gas_dec_display_name": "Heating Gas Dec",
  "total_electricity_jan": 8319359476.78,
  "total_electricity_jan_units": "J",
  "total_electricity_jan_display_name": "Total Electricity Jan",
  "total_electricity_feb": 7061773383.09,
  "total_electricity_feb_units": "J",
  "total_electricity_feb_display_name": "Total Electricity Feb",
  "total_electricity_mar": 7806674969.23,
  "total_electricity_mar_units": "J",
  "total_electricity_mar_display_name": "Total Electricity Mar",
  "total_electricity_apr": 7735942552.78,
  "total_electricity_apr_units": "J",
  "total_electricity_apr_display_name": "Total Electricity Apr",
  "total_electricity_may": 8325134846.72,
  "total_electricity_may_units": "J",
  "total_electricity_may_display_name": "Total Electricity May",
  "total_electricity_jun": 8819264854.16,
  "total_electricity_jun_units": "J",
  "total_electricity_jun_display_name": "Total Electricity Jun",
  "total_electricity_jul": 9528845082.29,
  "total_electricity_jul_units": "J",
  "total_electricity_jul_display_name": "Total Electricity Jul",
  "total_electricity_aug": 9408292339.58,
  "total_electricity_aug_units": "J",
  "total_electricity_aug_display_name": "Total Electricity Aug",
  "total_electricity_sep": 8392236694.71,
  "total_electricity_sep_units": "J",
  "total_electricity_sep_display_name": "Total Electricity Sep",
  "total_electricity_oct": 7968770429.9,
  "total_electricity_oct_units": "J",
  "total_electricity_oct_display_name": "Total Electricity Oct",
  "total_electricity_nov": 7562102734.34,
  "total_electricity_nov_units": "J",
  "total_electricity_nov_display_name": "Total Electricity Nov",
  "total_electricity_dec": 8562979923.29,
  "total_electricity_dec_units": "J",
  "total_electricity_dec_display_name": "Total Electricity Dec"
}